Date,Source,Site ID,POC,Daily Max 1-hour SO2 Concentration,UNITS,DAILY_AQI_VALUE,Site Name,DAILY_OBS_COUNT,PERCENT_COMPLETE,AQS_PARAMETER_CODE,AQS_PARAMETER_DESC,CBSA_CODE,CBSA_NAME,STATE_CODE,STATE,COUNTY_CODE,COUNTY,SITE_LATITUDE,SITE_LONGITUDE
1/1/20,AQS,60670006,1,0.6,ppb,0,Sacramento-Del Paso Manor,24,100,42401,Sulfur dioxide,40900,"Sacramento--Roseville--Arden-Arcade, CA",6,California,67,Sacramento,38.613779,-121.368014
1/2/20,AQS,60670006,1,0.7,ppb,0,Sacramento-Del Paso Manor,24,100,42401,Sulfur dioxide,40900,"Sacramento--Roseville--Arden-Arcade, CA",6,California,67,Sacramento,38.613779,-121.368014
1/3/20,AQS,60670006,1,1.1,ppb,1,Sacramento-Del Paso Manor,24,100,42401,Sulfur dioxide,40900,"Sacramento--Roseville--Arden-Arcade, CA",6,California,67,Sacramento,38.613779,-121.368014
1/4/20,AQS,60670006,1,0.4,ppb,0,Sacramento-Del Paso Manor,22,92,42401,Sulfur dioxide,40900,"Sacramento--Roseville--Arden-Arcade, CA",6,California,67,Sacramento,38.613779,-121.368014
1/5/20,AQS,60670006,1,0.3,ppb,0,Sacramento-Del Paso Manor,24,100,42401,Sulfur dioxide,40900,"Sacramento--Roseville--Arden-Arcade, CA",6,California,67,Sacramento,38.613779,-121.368014
1/6/20,AQS,60670006,1,0.6,ppb,0,Sacramento-Del Paso Manor,24,100,42401,Sulfur dioxide,40900,"Sacramento--Roseville--Arden-Arcade, CA",6,California,67,Sacramento,38.613779,-121.368014
1/7/20,AQS,60670006,1,0.9,ppb,0,Sacramento-Del Paso Manor,23,96,42401,Sulfur dioxide,40900,"Sacramento--Roseville--Arden-Arcade, CA",6,California,67,Sacramento,38.613779,-121.368014
1/8/20,AQS,60670006,1,0.2,ppb,0,Sacramento-Del Paso Manor,22,92,42401,Sulfur dioxide,40900,"Sacramento--Roseville--Arden-Arcade, CA",6,California,67,Sacramento,38.613779,-121.368014
1/9/20,AQS,60670006,1,0.4,ppb,0,Sacramento-Del Paso Manor,22,92,42401,Sulfur dioxide,40900,"Sacramento--Roseville--Arden-Arcade, CA",6,California,67,Sacramento,38.613779,-121.368014
1/10/20,AQS,60670006,1,0.4,ppb,0,Sacramento-Del Paso Manor,24,100,42401,Sulfur dioxide,40900,"Sacramento--Roseville--Arden-Arcade, CA",6,California,67,Sacramento,38.613779,-121.368014
1/11/20,AQS,60670006,1,0.6,ppb,0,Sacramento-Del Paso Manor,24,100,42401,Sulfur dioxide,40900,"Sacramento--Roseville--Arden-Arcade, CA",6,California,67,Sacramento,38.613779,-121.368014
1/12/20,AQS,60670006,1,0.8,ppb,0,Sacramento-Del Paso Manor,20,83,42401,Sulfur dioxide,40900,"Sacramento--Roseville--Arden-Arcade, CA",6,California,67,Sacramento,38.613779,-121.368014
1/13/20,AQS,60670006,1,0.3,ppb,0,Sacramento-Del Paso Manor,24,100,42401,Sulfur dioxide,40900,"Sacramento--Roseville--Arden-Arcade, CA",6,California,67,Sacramento,38.613779,-121.368014
1/14/20,AQS,60670006,1,0.4,ppb,0,Sacramento-Del Paso Manor,24,100,42401,Sulfur dioxide,40900,"Sacramento--Roseville--Arden-Arcade, CA",6,California,67,Sacramento,38.613779,-121.368014
1/15/20,AQS,60670006,1,0.5,ppb,0,Sacramento-Del Paso Manor,24,100,42401,Sulfur dioxide,40900,"Sacramento--Roseville--Arden-Arcade, CA",6,California,67,Sacramento,38.613779,-121.368014
1/16/20,AQS,60670006,1,0.2,ppb,0,Sacramento-Del Paso Manor,22,92,42401,Sulfur dioxide,40900,"Sacramento--Roseville--Arden-Arcade, CA",6,California,67,Sacramento,38.613779,-121.368014
1/17/20,AQS,60670006,1,0.2,ppb,0,Sacramento-Del Paso Manor,24,100,42401,Sulfur dioxide,40900,"Sacramento--Roseville--Arden-Arcade, CA",6,California,67,Sacramento,38.613779,-121.368014
1/18/20,AQS,60670006,1,0.4,ppb,0,Sacramento-Del Paso Manor,24,100,42401,Sulfur dioxide,40900,"Sacramento--Roseville--Arden-Arcade, CA",6,California,67,Sacramento,38.613779,-121.368014
1/19/20,AQS,60670006,1,0.4,ppb,0,Sacramento-Del Paso Manor,24,100,42401,Sulfur dioxide,40900,"Sacramento--Roseville--Arden-Arcade, CA",6,California,67,Sacramento,38.613779,-121.368014
1/20/20,AQS,60670006,1,0.7,ppb,0,Sacramento-Del Paso Manor,22,92,42401,Sulfur dioxide,40900,"Sacramento--Roseville--Arden-Arcade, CA",6,California,67,Sacramento,38.613779,-121.368014
1/21/20,AQS,60670006,1,0.3,ppb,0,Sacramento-Del Paso Manor,24,100,42401,Sulfur dioxide,40900,"Sacramento--Roseville--Arden-Arcade, CA",6,California,67,Sacramento,38.613779,-121.368014
1/22/20,AQS,60670006,1,0.8,ppb,0,Sacramento-Del Paso Manor,22,92,42401,Sulfur dioxide,40900,"Sacramento--Roseville--Arden-Arcade, CA",6,California,67,Sacramento,38.613779,-121.368014
1/23/20,AQS,60670006,1,1.2,ppb,1,Sacramento-Del Paso Manor,24,100,42401,Sulfur dioxide,40900,"Sacramento--Roseville--Arden-Arcade, CA",6,California,67,Sacramento,38.613779,-121.368014
1/24/20,AQS,60670006,1,0.5,ppb,0,Sacramento-Del Paso Manor,22,92,42401,Sulfur dioxide,40900,"Sacramento--Roseville--Arden-Arcade, CA",6,California,67,Sacramento,38.613779,-121.368014
1/25/20,AQS,60670006,1,0.2,ppb,0,Sacramento-Del Paso Manor,24,100,42401,Sulfur dioxide,40900,"Sacramento--Roseville--Arden-Arcade, CA",6,California,67,Sacramento,38.613779,-121.368014
1/26/20,AQS,60670006,1,0.1,ppb,0,Sacramento-Del Paso Manor,24,100,42401,Sulfur dioxide,40900,"Sacramento--Roseville--Arden-Arcade, CA",6,California,67,Sacramento,38.613779,-121.368014
1/27/20,AQS,60670006,1,0.2,ppb,0,Sacramento-Del Paso Manor,24,100,42401,Sulfur dioxide,40900,"Sacramento--Roseville--Arden-Arcade, CA",6,California,67,Sacramento,38.613779,-121.368014
1/28/20,AQS,60670006,1,0.4,ppb,0,Sacramento-Del Paso Manor,22,92,42401,Sulfur dioxide,40900,"Sacramento--Roseville--Arden-Arcade, CA",6,California,67,Sacramento,38.613779,-121.368014
1/29/20,AQS,60670006,1,0.5,ppb,0,Sacramento-Del Paso Manor,24,100,42401,Sulfur dioxide,40900,"Sacramento--Roseville--Arden-Arcade, CA",6,California,67,Sacramento,38.613779,-121.368014
1/30/20,AQS,60670006,1,0.5,ppb,0,Sacramento-Del Paso Manor,24,100,42401,Sulfur dioxide,40900,"Sacramento--Roseville--Arden-Arcade, CA",6,California,67,Sacramento,38.613779,-121.368014
1/31/20,AQS,60670006,1,0.9,ppb,0,Sacramento-Del Paso Manor,24,100,42401,Sulfur dioxide,40900,"Sacramento--Roseville--Arden-Arcade, CA",6,California,67,Sacramento,38.613779,-121.368014
1/1/20,AQS,60711234,1,3.5,ppb,4,Trona - Athol/Telescope #2,23,96,42401,Sulfur dioxide,40140,"Riverside-San Bernardino-Ontario, CA",6,California,71,San Bernardino,35.77417,-117.3714
1/2/20,AQS,60711234,1,3.8,ppb,4,Trona - Athol/Telescope #2,23,96,42401,Sulfur dioxide,40140,"Riverside-San Bernardino-Ontario, CA",6,California,71,San Bernardino,35.77417,-117.3714
1/3/20,AQS,60711234,1,2.9,ppb,3,Trona - Athol/Telescope #2,20,83,42401,Sulfur dioxide,40140,"Riverside-San Bernardino-Ontario, CA",6,California,71,San Bernardino,35.77417,-117.3714
1/4/20,AQS,60711234,1,2.6,ppb,3,Trona - Athol/Telescope #2,23,96,42401,Sulfur dioxide,40140,"Riverside-San Bernardino-Ontario, CA",6,California,71,San Bernardino,35.77417,-117.3714
1/5/20,AQS,60711234,1,2.7,ppb,3,Trona - Athol/Telescope #2,23,96,42401,Sulfur dioxide,40140,"Riverside-San Bernardino-Ontario, CA",6,California,71,San Bernardino,35.77417,-117.3714
1/6/20,AQS,60711234,1,3.5,ppb,4,Trona - Athol/Telescope #2,23,96,42401,Sulfur dioxide,40140,"Riverside-San Bernardino-Ontario, CA",6,California,71,San Bernardino,35.77417,-117.3714
1/7/20,AQS,60711234,1,3.8,ppb,4,Trona - Athol/Telescope #2,23,96,42401,Sulfur dioxide,40140,"Riverside-San Bernardino-Ontario, CA",6,California,71,San Bernardino,35.77417,-117.3714
1/8/20,AQS,60711234,1,3.3,ppb,4,Trona - Athol/Telescope #2,23,96,42401,Sulfur dioxide,40140,"Riverside-San Bernardino-Ontario, CA",6,California,71,San Bernardino,35.77417,-117.3714
1/9/20,AQS,60711234,1,2.6,ppb,3,Trona - Athol/Telescope #2,21,88,42401,Sulfur dioxide,40140,"Riverside-San Bernardino-Ontario, CA",6,California,71,San Bernardino,35.77417,-117.3714
1/10/20,AQS,60711234,1,3.5,ppb,4,Trona - Athol/Telescope #2,23,96,42401,Sulfur dioxide,40140,"Riverside-San Bernardino-Ontario, CA",6,California,71,San Bernardino,35.77417,-117.3714
1/12/20,AQS,60711234,1,3.1,ppb,4,Trona - Athol/Telescope #2,23,96,42401,Sulfur dioxide,40140,"Riverside-San Bernardino-Ontario, CA",6,California,71,San Bernardino,35.77417,-117.3714
1/13/20,AQS,60711234,1,3.4,ppb,4,Trona - Athol/Telescope #2,23,96,42401,Sulfur dioxide,40140,"Riverside-San Bernardino-Ontario, CA",6,California,71,San Bernardino,35.77417,-117.3714
1/14/20,AQS,60711234,1,3,ppb,4,Trona - Athol/Telescope #2,20,83,42401,Sulfur dioxide,40140,"Riverside-San Bernardino-Ontario, CA",6,California,71,San Bernardino,35.77417,-117.3714
1/16/20,AQS,60711234,1,2.9,ppb,3,Trona - Athol/Telescope #2,18,75,42401,Sulfur dioxide,40140,"Riverside-San Bernardino-Ontario, CA",6,California,71,San Bernardino,35.77417,-117.3714
1/17/20,AQS,60711234,1,0.1,ppb,0,Trona - Athol/Telescope #2,23,96,42401,Sulfur dioxide,40140,"Riverside-San Bernardino-Ontario, CA",6,California,71,San Bernardino,35.77417,-117.3714
1/18/20,AQS,60711234,1,0,ppb,0,Trona - Athol/Telescope #2,23,96,42401,Sulfur dioxide,40140,"Riverside-San Bernardino-Ontario, CA",6,California,71,San Bernardino,35.77417,-117.3714
1/19/20,AQS,60711234,1,0.4,ppb,0,Trona - Athol/Telescope #2,23,96,42401,Sulfur dioxide,40140,"Riverside-San Bernardino-Ontario, CA",6,California,71,San Bernardino,35.77417,-117.3714
1/20/20,AQS,60711234,1,0.3,ppb,0,Trona - Athol/Telescope #2,23,96,42401,Sulfur dioxide,40140,"Riverside-San Bernardino-Ontario, CA",6,California,71,San Bernardino,35.77417,-117.3714
1/22/20,AQS,60711234,1,0.5,ppb,0,Trona - Athol/Telescope #2,20,83,42401,Sulfur dioxide,40140,"Riverside-San Bernardino-Ontario, CA",6,California,71,San Bernardino,35.77417,-117.3714
1/23/20,AQS,60711234,1,1.8,ppb,1,Trona - Athol/Telescope #2,22,92,42401,Sulfur dioxide,40140,"Riverside-San Bernardino-Ontario, CA",6,California,71,San Bernardino,35.77417,-117.3714
1/24/20,AQS,60711234,1,1,ppb,1,Trona - Athol/Telescope #2,23,96,42401,Sulfur dioxide,40140,"Riverside-San Bernardino-Ontario, CA",6,California,71,San Bernardino,35.77417,-117.3714
1/25/20,AQS,60711234,1,1.5,ppb,1,Trona - Athol/Telescope #2,23,96,42401,Sulfur dioxide,40140,"Riverside-San Bernardino-Ontario, CA",6,California,71,San Bernardino,35.77417,-117.3714
1/26/20,AQS,60711234,1,1.9,ppb,1,Trona - Athol/Telescope #2,23,96,42401,Sulfur dioxide,40140,"Riverside-San Bernardino-Ontario, CA",6,California,71,San Bernardino,35.77417,-117.3714
1/27/20,AQS,60711234,1,1.3,ppb,1,Trona - Athol/Telescope #2,23,96,42401,Sulfur dioxide,40140,"Riverside-San Bernardino-Ontario, CA",6,California,71,San Bernardino,35.77417,-117.3714
1/28/20,AQS,60711234,1,1.2,ppb,1,Trona - Athol/Telescope #2,23,96,42401,Sulfur dioxide,40140,"Riverside-San Bernardino-Ontario, CA",6,California,71,San Bernardino,35.77417,-117.3714
1/29/20,AQS,60711234,1,0.1,ppb,0,Trona - Athol/Telescope #2,23,96,42401,Sulfur dioxide,40140,"Riverside-San Bernardino-Ontario, CA",6,California,71,San Bernardino,35.77417,-117.3714
1/30/20,AQS,60711234,1,1.9,ppb,1,Trona - Athol/Telescope #2,23,96,42401,Sulfur dioxide,40140,"Riverside-San Bernardino-Ontario, CA",6,California,71,San Bernardino,35.77417,-117.3714
1/31/20,AQS,60711234,1,3.6,ppb,4,Trona - Athol/Telescope #2,23,96,42401,Sulfur dioxide,40140,"Riverside-San Bernardino-Ontario, CA",6,California,71,San Bernardino,35.77417,-117.3714
2/1/20,AQS,60711234,1,2,ppb,3,Trona - Athol/Telescope #2,20,83,42401,Sulfur dioxide,40140,"Riverside-San Bernardino-Ontario, CA",6,California,71,San Bernardino,35.77417,-117.3714
2/2/20,AQS,60711234,1,2.9,ppb,3,Trona - Athol/Telescope #2,23,96,42401,Sulfur dioxide,40140,"Riverside-San Bernardino-Ontario, CA",6,California,71,San Bernardino,35.77417,-117.3714
2/3/20,AQS,60711234,1,0,ppb,0,Trona - Athol/Telescope #2,23,96,42401,Sulfur dioxide,40140,"Riverside-San Bernardino-Ontario, CA",6,California,71,San Bernardino,35.77417,-117.3714
2/4/20,AQS,60711234,1,0,ppb,0,Trona - Athol/Telescope #2,23,96,42401,Sulfur dioxide,40140,"Riverside-San Bernardino-Ontario, CA",6,California,71,San Bernardino,35.77417,-117.3714
2/5/20,AQS,60711234,1,0.8,ppb,0,Trona - Athol/Telescope #2,23,96,42401,Sulfur dioxide,40140,"Riverside-San Bernardino-Ontario, CA",6,California,71,San Bernardino,35.77417,-117.3714
2/6/20,AQS,60711234,1,1.2,ppb,1,Trona - Athol/Telescope #2,23,96,42401,Sulfur dioxide,40140,"Riverside-San Bernardino-Ontario, CA",6,California,71,San Bernardino,35.77417,-117.3714
2/7/20,AQS,60711234,1,0.8,ppb,0,Trona - Athol/Telescope #2,23,96,42401,Sulfur dioxide,40140,"Riverside-San Bernardino-Ontario, CA",6,California,71,San Bernardino,35.77417,-117.3714
2/8/20,AQS,60711234,1,0.9,ppb,0,Trona - Athol/Telescope #2,23,96,42401,Sulfur dioxide,40140,"Riverside-San Bernardino-Ontario, CA",6,California,71,San Bernardino,35.77417,-117.3714
2/9/20,AQS,60711234,1,0,ppb,0,Trona - Athol/Telescope #2,23,96,42401,Sulfur dioxide,40140,"Riverside-San Bernardino-Ontario, CA",6,California,71,San Bernardino,35.77417,-117.3714
2/10/20,AQS,60711234,1,0,ppb,0,Trona - Athol/Telescope #2,23,96,42401,Sulfur dioxide,40140,"Riverside-San Bernardino-Ontario, CA",6,California,71,San Bernardino,35.77417,-117.3714
2/11/20,AQS,60711234,1,0,ppb,0,Trona - Athol/Telescope #2,23,96,42401,Sulfur dioxide,40140,"Riverside-San Bernardino-Ontario, CA",6,California,71,San Bernardino,35.77417,-117.3714
2/12/20,AQS,60711234,1,1.2,ppb,1,Trona - Athol/Telescope #2,23,96,42401,Sulfur dioxide,40140,"Riverside-San Bernardino-Ontario, CA",6,California,71,San Bernardino,35.77417,-117.3714
2/13/20,AQS,60711234,1,1,ppb,1,Trona - Athol/Telescope #2,23,96,42401,Sulfur dioxide,40140,"Riverside-San Bernardino-Ontario, CA",6,California,71,San Bernardino,35.77417,-117.3714
2/14/20,AQS,60711234,1,2.7,ppb,3,Trona - Athol/Telescope #2,23,96,42401,Sulfur dioxide,40140,"Riverside-San Bernardino-Ontario, CA",6,California,71,San Bernardino,35.77417,-117.3714
2/15/20,AQS,60711234,1,0.6,ppb,0,Trona - Athol/Telescope #2,23,96,42401,Sulfur dioxide,40140,"Riverside-San Bernardino-Ontario, CA",6,California,71,San Bernardino,35.77417,-117.3714
2/16/20,AQS,60711234,1,0.1,ppb,0,Trona - Athol/Telescope #2,23,96,42401,Sulfur dioxide,40140,"Riverside-San Bernardino-Ontario, CA",6,California,71,San Bernardino,35.77417,-117.3714
2/17/20,AQS,60711234,1,0.8,ppb,0,Trona - Athol/Telescope #2,23,96,42401,Sulfur dioxide,40140,"Riverside-San Bernardino-Ontario, CA",6,California,71,San Bernardino,35.77417,-117.3714
2/18/20,AQS,60711234,1,0.6,ppb,0,Trona - Athol/Telescope #2,23,96,42401,Sulfur dioxide,40140,"Riverside-San Bernardino-Ontario, CA",6,California,71,San Bernardino,35.77417,-117.3714
2/19/20,AQS,60711234,1,0.7,ppb,0,Trona - Athol/Telescope #2,23,96,42401,Sulfur dioxide,40140,"Riverside-San Bernardino-Ontario, CA",6,California,71,San Bernardino,35.77417,-117.3714
2/20/20,AQS,60711234,1,1.4,ppb,1,Trona - Athol/Telescope #2,23,96,42401,Sulfur dioxide,40140,"Riverside-San Bernardino-Ontario, CA",6,California,71,San Bernardino,35.77417,-117.3714
2/21/20,AQS,60711234,1,0.5,ppb,0,Trona - Athol/Telescope #2,23,96,42401,Sulfur dioxide,40140,"Riverside-San Bernardino-Ontario, CA",6,California,71,San Bernardino,35.77417,-117.3714
2/22/20,AQS,60711234,1,0,ppb,0,Trona - Athol/Telescope #2,23,96,42401,Sulfur dioxide,40140,"Riverside-San Bernardino-Ontario, CA",6,California,71,San Bernardino,35.77417,-117.3714
2/23/20,AQS,60711234,1,0.8,ppb,0,Trona - Athol/Telescope #2,23,96,42401,Sulfur dioxide,40140,"Riverside-San Bernardino-Ontario, CA",6,California,71,San Bernardino,35.77417,-117.3714
2/24/20,AQS,60711234,1,1.8,ppb,1,Trona - Athol/Telescope #2,23,96,42401,Sulfur dioxide,40140,"Riverside-San Bernardino-Ontario, CA",6,California,71,San Bernardino,35.77417,-117.3714
2/25/20,AQS,60711234,1,0.2,ppb,0,Trona - Athol/Telescope #2,23,96,42401,Sulfur dioxide,40140,"Riverside-San Bernardino-Ontario, CA",6,California,71,San Bernardino,35.77417,-117.3714
2/26/20,AQS,60711234,1,0.8,ppb,0,Trona - Athol/Telescope #2,23,96,42401,Sulfur dioxide,40140,"Riverside-San Bernardino-Ontario, CA",6,California,71,San Bernardino,35.77417,-117.3714
2/27/20,AQS,60711234,1,2.1,ppb,3,Trona - Athol/Telescope #2,23,96,42401,Sulfur dioxide,40140,"Riverside-San Bernardino-Ontario, CA",6,California,71,San Bernardino,35.77417,-117.3714
2/28/20,AQS,60711234,1,1.6,ppb,1,Trona - Athol/Telescope #2,23,96,42401,Sulfur dioxide,40140,"Riverside-San Bernardino-Ontario, CA",6,California,71,San Bernardino,35.77417,-117.3714
2/29/20,AQS,60711234,1,1.5,ppb,1,Trona - Athol/Telescope #2,23,96,42401,Sulfur dioxide,40140,"Riverside-San Bernardino-Ontario, CA",6,California,71,San Bernardino,35.77417,-117.3714
3/1/20,AQS,60711234,1,1.9,ppb,1,Trona - Athol/Telescope #2,23,96,42401,Sulfur dioxide,40140,"Riverside-San Bernardino-Ontario, CA",6,California,71,San Bernardino,35.77417,-117.3714
3/2/20,AQS,60711234,1,0,ppb,0,Trona - Athol/Telescope #2,23,96,42401,Sulfur dioxide,40140,"Riverside-San Bernardino-Ontario, CA",6,California,71,San Bernardino,35.77417,-117.3714
3/3/20,AQS,60711234,1,0.6,ppb,0,Trona - Athol/Telescope #2,23,96,42401,Sulfur dioxide,40140,"Riverside-San Bernardino-Ontario, CA",6,California,71,San Bernardino,35.77417,-117.3714
3/4/20,AQS,60711234,1,0.7,ppb,0,Trona - Athol/Telescope #2,23,96,42401,Sulfur dioxide,40140,"Riverside-San Bernardino-Ontario, CA",6,California,71,San Bernardino,35.77417,-117.3714
3/5/20,AQS,60711234,1,1.7,ppb,1,Trona - Athol/Telescope #2,23,96,42401,Sulfur dioxide,40140,"Riverside-San Bernardino-Ontario, CA",6,California,71,San Bernardino,35.77417,-117.3714
3/6/20,AQS,60711234,1,2.3,ppb,3,Trona - Athol/Telescope #2,23,96,42401,Sulfur dioxide,40140,"Riverside-San Bernardino-Ontario, CA",6,California,71,San Bernardino,35.77417,-117.3714
3/7/20,AQS,60711234,1,1.2,ppb,1,Trona - Athol/Telescope #2,23,96,42401,Sulfur dioxide,40140,"Riverside-San Bernardino-Ontario, CA",6,California,71,San Bernardino,35.77417,-117.3714
3/8/20,AQS,60711234,1,0.7,ppb,0,Trona - Athol/Telescope #2,23,96,42401,Sulfur dioxide,40140,"Riverside-San Bernardino-Ontario, CA",6,California,71,San Bernardino,35.77417,-117.3714
3/9/20,AQS,60711234,1,0.3,ppb,0,Trona - Athol/Telescope #2,20,83,42401,Sulfur dioxide,40140,"Riverside-San Bernardino-Ontario, CA",6,California,71,San Bernardino,35.77417,-117.3714
3/10/20,AQS,60711234,1,0,ppb,0,Trona - Athol/Telescope #2,23,96,42401,Sulfur dioxide,40140,"Riverside-San Bernardino-Ontario, CA",6,California,71,San Bernardino,35.77417,-117.3714
3/11/20,AQS,60711234,1,0.1,ppb,0,Trona - Athol/Telescope #2,23,96,42401,Sulfur dioxide,40140,"Riverside-San Bernardino-Ontario, CA",6,California,71,San Bernardino,35.77417,-117.3714
3/12/20,AQS,60711234,1,1.2,ppb,1,Trona - Athol/Telescope #2,23,96,42401,Sulfur dioxide,40140,"Riverside-San Bernardino-Ontario, CA",6,California,71,San Bernardino,35.77417,-117.3714
3/13/20,AQS,60711234,1,0.4,ppb,0,Trona - Athol/Telescope #2,23,96,42401,Sulfur dioxide,40140,"Riverside-San Bernardino-Ontario, CA",6,California,71,San Bernardino,35.77417,-117.3714
3/14/20,AQS,60711234,1,2.3,ppb,3,Trona - Athol/Telescope #2,23,96,42401,Sulfur dioxide,40140,"Riverside-San Bernardino-Ontario, CA",6,California,71,San Bernardino,35.77417,-117.3714
3/15/20,AQS,60711234,1,1.5,ppb,1,Trona - Athol/Telescope #2,23,96,42401,Sulfur dioxide,40140,"Riverside-San Bernardino-Ontario, CA",6,California,71,San Bernardino,35.77417,-117.3714
3/16/20,AQS,60711234,1,1.4,ppb,1,Trona - Athol/Telescope #2,23,96,42401,Sulfur dioxide,40140,"Riverside-San Bernardino-Ontario, CA",6,California,71,San Bernardino,35.77417,-117.3714
3/17/20,AQS,60711234,1,1.1,ppb,1,Trona - Athol/Telescope #2,23,96,42401,Sulfur dioxide,40140,"Riverside-San Bernardino-Ontario, CA",6,California,71,San Bernardino,35.77417,-117.3714
3/18/20,AQS,60711234,1,0.3,ppb,0,Trona - Athol/Telescope #2,20,83,42401,Sulfur dioxide,40140,"Riverside-San Bernardino-Ontario, CA",6,California,71,San Bernardino,35.77417,-117.3714
3/19/20,AQS,60711234,1,1.6,ppb,1,Trona - Athol/Telescope #2,23,96,42401,Sulfur dioxide,40140,"Riverside-San Bernardino-Ontario, CA",6,California,71,San Bernardino,35.77417,-117.3714
3/20/20,AQS,60711234,1,0.3,ppb,0,Trona - Athol/Telescope #2,23,96,42401,Sulfur dioxide,40140,"Riverside-San Bernardino-Ontario, CA",6,California,71,San Bernardino,35.77417,-117.3714
3/21/20,AQS,60711234,1,0.2,ppb,0,Trona - Athol/Telescope #2,23,96,42401,Sulfur dioxide,40140,"Riverside-San Bernardino-Ontario, CA",6,California,71,San Bernardino,35.77417,-117.3714
3/22/20,AQS,60711234,1,1.5,ppb,1,Trona - Athol/Telescope #2,22,92,42401,Sulfur dioxide,40140,"Riverside-San Bernardino-Ontario, CA",6,California,71,San Bernardino,35.77417,-117.3714
3/23/20,AQS,60711234,1,1.1,ppb,1,Trona - Athol/Telescope #2,23,96,42401,Sulfur dioxide,40140,"Riverside-San Bernardino-Ontario, CA",6,California,71,San Bernardino,35.77417,-117.3714
3/24/20,AQS,60711234,1,1,ppb,1,Trona - Athol/Telescope #2,23,96,42401,Sulfur dioxide,40140,"Riverside-San Bernardino-Ontario, CA",6,California,71,San Bernardino,35.77417,-117.3714
3/25/20,AQS,60711234,1,3.5,ppb,4,Trona - Athol/Telescope #2,23,96,42401,Sulfur dioxide,40140,"Riverside-San Bernardino-Ontario, CA",6,California,71,San Bernardino,35.77417,-117.3714
3/26/20,AQS,60711234,1,0.6,ppb,0,Trona - Athol/Telescope #2,23,96,42401,Sulfur dioxide,40140,"Riverside-San Bernardino-Ontario, CA",6,California,71,San Bernardino,35.77417,-117.3714
3/27/20,AQS,60711234,1,1.2,ppb,1,Trona - Athol/Telescope #2,23,96,42401,Sulfur dioxide,40140,"Riverside-San Bernardino-Ontario, CA",6,California,71,San Bernardino,35.77417,-117.3714
3/28/20,AQS,60711234,1,0.7,ppb,0,Trona - Athol/Telescope #2,23,96,42401,Sulfur dioxide,40140,"Riverside-San Bernardino-Ontario, CA",6,California,71,San Bernardino,35.77417,-117.3714
3/29/20,AQS,60711234,1,0.3,ppb,0,Trona - Athol/Telescope #2,23,96,42401,Sulfur dioxide,40140,"Riverside-San Bernardino-Ontario, CA",6,California,71,San Bernardino,35.77417,-117.3714
3/30/20,AQS,60711234,1,0.6,ppb,0,Trona - Athol/Telescope #2,23,96,42401,Sulfur dioxide,40140,"Riverside-San Bernardino-Ontario, CA",6,California,71,San Bernardino,35.77417,-117.3714
3/31/20,AQS,60711234,1,1.4,ppb,1,Trona - Athol/Telescope #2,23,96,42401,Sulfur dioxide,40140,"Riverside-San Bernardino-Ontario, CA",6,California,71,San Bernardino,35.77417,-117.3714
1/1/20,AQS,60792004,1,0,ppb,0,Mesa2,23,96,42401,Sulfur dioxide,42020,"San Luis Obispo-Paso Robles-Arroyo Grande, CA",6,California,79,San Luis Obispo,35.02083,-120.56388
1/2/20,AQS,60792004,1,0,ppb,0,Mesa2,23,96,42401,Sulfur dioxide,42020,"San Luis Obispo-Paso Robles-Arroyo Grande, CA",6,California,79,San Luis Obispo,35.02083,-120.56388
1/3/20,AQS,60792004,1,0,ppb,0,Mesa2,22,92,42401,Sulfur dioxide,42020,"San Luis Obispo-Paso Robles-Arroyo Grande, CA",6,California,79,San Luis Obispo,35.02083,-120.56388
1/4/20,AQS,60792004,1,0,ppb,0,Mesa2,23,96,42401,Sulfur dioxide,42020,"San Luis Obispo-Paso Robles-Arroyo Grande, CA",6,California,79,San Luis Obispo,35.02083,-120.56388
1/5/20,AQS,60792004,1,0,ppb,0,Mesa2,23,96,42401,Sulfur dioxide,42020,"San Luis Obispo-Paso Robles-Arroyo Grande, CA",6,California,79,San Luis Obispo,35.02083,-120.56388
1/6/20,AQS,60792004,1,0,ppb,0,Mesa2,23,96,42401,Sulfur dioxide,42020,"San Luis Obispo-Paso Robles-Arroyo Grande, CA",6,California,79,San Luis Obispo,35.02083,-120.56388
1/7/20,AQS,60792004,1,0,ppb,0,Mesa2,23,96,42401,Sulfur dioxide,42020,"San Luis Obispo-Paso Robles-Arroyo Grande, CA",6,California,79,San Luis Obispo,35.02083,-120.56388
1/8/20,AQS,60792004,1,0,ppb,0,Mesa2,23,96,42401,Sulfur dioxide,42020,"San Luis Obispo-Paso Robles-Arroyo Grande, CA",6,California,79,San Luis Obispo,35.02083,-120.56388
1/9/20,AQS,60792004,1,0,ppb,0,Mesa2,23,96,42401,Sulfur dioxide,42020,"San Luis Obispo-Paso Robles-Arroyo Grande, CA",6,California,79,San Luis Obispo,35.02083,-120.56388
1/10/20,AQS,60792004,1,0,ppb,0,Mesa2,23,96,42401,Sulfur dioxide,42020,"San Luis Obispo-Paso Robles-Arroyo Grande, CA",6,California,79,San Luis Obispo,35.02083,-120.56388
1/11/20,AQS,60792004,1,0,ppb,0,Mesa2,23,96,42401,Sulfur dioxide,42020,"San Luis Obispo-Paso Robles-Arroyo Grande, CA",6,California,79,San Luis Obispo,35.02083,-120.56388
1/12/20,AQS,60792004,1,0,ppb,0,Mesa2,23,96,42401,Sulfur dioxide,42020,"San Luis Obispo-Paso Robles-Arroyo Grande, CA",6,California,79,San Luis Obispo,35.02083,-120.56388
1/13/20,AQS,60792004,1,0,ppb,0,Mesa2,22,92,42401,Sulfur dioxide,42020,"San Luis Obispo-Paso Robles-Arroyo Grande, CA",6,California,79,San Luis Obispo,35.02083,-120.56388
1/14/20,AQS,60792004,1,0,ppb,0,Mesa2,23,96,42401,Sulfur dioxide,42020,"San Luis Obispo-Paso Robles-Arroyo Grande, CA",6,California,79,San Luis Obispo,35.02083,-120.56388
1/15/20,AQS,60792004,1,0,ppb,0,Mesa2,23,96,42401,Sulfur dioxide,42020,"San Luis Obispo-Paso Robles-Arroyo Grande, CA",6,California,79,San Luis Obispo,35.02083,-120.56388
1/16/20,AQS,60792004,1,0,ppb,0,Mesa2,23,96,42401,Sulfur dioxide,42020,"San Luis Obispo-Paso Robles-Arroyo Grande, CA",6,California,79,San Luis Obispo,35.02083,-120.56388
1/17/20,AQS,60792004,1,1,ppb,1,Mesa2,23,96,42401,Sulfur dioxide,42020,"San Luis Obispo-Paso Robles-Arroyo Grande, CA",6,California,79,San Luis Obispo,35.02083,-120.56388
1/18/20,AQS,60792004,1,0,ppb,0,Mesa2,23,96,42401,Sulfur dioxide,42020,"San Luis Obispo-Paso Robles-Arroyo Grande, CA",6,California,79,San Luis Obispo,35.02083,-120.56388
1/19/20,AQS,60792004,1,0,ppb,0,Mesa2,23,96,42401,Sulfur dioxide,42020,"San Luis Obispo-Paso Robles-Arroyo Grande, CA",6,California,79,San Luis Obispo,35.02083,-120.56388
1/20/20,AQS,60792004,1,0,ppb,0,Mesa2,23,96,42401,Sulfur dioxide,42020,"San Luis Obispo-Paso Robles-Arroyo Grande, CA",6,California,79,San Luis Obispo,35.02083,-120.56388
1/21/20,AQS,60792004,1,0,ppb,0,Mesa2,23,96,42401,Sulfur dioxide,42020,"San Luis Obispo-Paso Robles-Arroyo Grande, CA",6,California,79,San Luis Obispo,35.02083,-120.56388
1/22/20,AQS,60792004,1,0,ppb,0,Mesa2,23,96,42401,Sulfur dioxide,42020,"San Luis Obispo-Paso Robles-Arroyo Grande, CA",6,California,79,San Luis Obispo,35.02083,-120.56388
1/23/20,AQS,60792004,1,0,ppb,0,Mesa2,23,96,42401,Sulfur dioxide,42020,"San Luis Obispo-Paso Robles-Arroyo Grande, CA",6,California,79,San Luis Obispo,35.02083,-120.56388
1/24/20,AQS,60792004,1,0,ppb,0,Mesa2,23,96,42401,Sulfur dioxide,42020,"San Luis Obispo-Paso Robles-Arroyo Grande, CA",6,California,79,San Luis Obispo,35.02083,-120.56388
1/25/20,AQS,60792004,1,0,ppb,0,Mesa2,23,96,42401,Sulfur dioxide,42020,"San Luis Obispo-Paso Robles-Arroyo Grande, CA",6,California,79,San Luis Obispo,35.02083,-120.56388
1/26/20,AQS,60792004,1,0,ppb,0,Mesa2,23,96,42401,Sulfur dioxide,42020,"San Luis Obispo-Paso Robles-Arroyo Grande, CA",6,California,79,San Luis Obispo,35.02083,-120.56388
1/27/20,AQS,60792004,1,0,ppb,0,Mesa2,23,96,42401,Sulfur dioxide,42020,"San Luis Obispo-Paso Robles-Arroyo Grande, CA",6,California,79,San Luis Obispo,35.02083,-120.56388
1/28/20,AQS,60792004,1,0,ppb,0,Mesa2,23,96,42401,Sulfur dioxide,42020,"San Luis Obispo-Paso Robles-Arroyo Grande, CA",6,California,79,San Luis Obispo,35.02083,-120.56388
1/29/20,AQS,60792004,1,0,ppb,0,Mesa2,23,96,42401,Sulfur dioxide,42020,"San Luis Obispo-Paso Robles-Arroyo Grande, CA",6,California,79,San Luis Obispo,35.02083,-120.56388
1/30/20,AQS,60792004,1,0,ppb,0,Mesa2,23,96,42401,Sulfur dioxide,42020,"San Luis Obispo-Paso Robles-Arroyo Grande, CA",6,California,79,San Luis Obispo,35.02083,-120.56388
1/31/20,AQS,60792004,1,0,ppb,0,Mesa2,23,96,42401,Sulfur dioxide,42020,"San Luis Obispo-Paso Robles-Arroyo Grande, CA",6,California,79,San Luis Obispo,35.02083,-120.56388
2/1/20,AQS,60792004,1,0,ppb,0,Mesa2,23,96,42401,Sulfur dioxide,42020,"San Luis Obispo-Paso Robles-Arroyo Grande, CA",6,California,79,San Luis Obispo,35.02083,-120.56388
2/2/20,AQS,60792004,1,0,ppb,0,Mesa2,23,96,42401,Sulfur dioxide,42020,"San Luis Obispo-Paso Robles-Arroyo Grande, CA",6,California,79,San Luis Obispo,35.02083,-120.56388
2/3/20,AQS,60792004,1,0,ppb,0,Mesa2,23,96,42401,Sulfur dioxide,42020,"San Luis Obispo-Paso Robles-Arroyo Grande, CA",6,California,79,San Luis Obispo,35.02083,-120.56388
2/4/20,AQS,60792004,1,0,ppb,0,Mesa2,21,88,42401,Sulfur dioxide,42020,"San Luis Obispo-Paso Robles-Arroyo Grande, CA",6,California,79,San Luis Obispo,35.02083,-120.56388
2/5/20,AQS,60792004,1,1,ppb,1,Mesa2,21,88,42401,Sulfur dioxide,42020,"San Luis Obispo-Paso Robles-Arroyo Grande, CA",6,California,79,San Luis Obispo,35.02083,-120.56388
2/6/20,AQS,60792004,1,0,ppb,0,Mesa2,23,96,42401,Sulfur dioxide,42020,"San Luis Obispo-Paso Robles-Arroyo Grande, CA",6,California,79,San Luis Obispo,35.02083,-120.56388
2/7/20,AQS,60792004,1,1,ppb,1,Mesa2,23,96,42401,Sulfur dioxide,42020,"San Luis Obispo-Paso Robles-Arroyo Grande, CA",6,California,79,San Luis Obispo,35.02083,-120.56388
2/8/20,AQS,60792004,1,0,ppb,0,Mesa2,23,96,42401,Sulfur dioxide,42020,"San Luis Obispo-Paso Robles-Arroyo Grande, CA",6,California,79,San Luis Obispo,35.02083,-120.56388
2/9/20,AQS,60792004,1,1,ppb,1,Mesa2,23,96,42401,Sulfur dioxide,42020,"San Luis Obispo-Paso Robles-Arroyo Grande, CA",6,California,79,San Luis Obispo,35.02083,-120.56388
2/10/20,AQS,60792004,1,1,ppb,1,Mesa2,23,96,42401,Sulfur dioxide,42020,"San Luis Obispo-Paso Robles-Arroyo Grande, CA",6,California,79,San Luis Obispo,35.02083,-120.56388
2/11/20,AQS,60792004,1,1,ppb,1,Mesa2,23,96,42401,Sulfur dioxide,42020,"San Luis Obispo-Paso Robles-Arroyo Grande, CA",6,California,79,San Luis Obispo,35.02083,-120.56388
2/12/20,AQS,60792004,1,0,ppb,0,Mesa2,23,96,42401,Sulfur dioxide,42020,"San Luis Obispo-Paso Robles-Arroyo Grande, CA",6,California,79,San Luis Obispo,35.02083,-120.56388
2/13/20,AQS,60792004,1,1,ppb,1,Mesa2,23,96,42401,Sulfur dioxide,42020,"San Luis Obispo-Paso Robles-Arroyo Grande, CA",6,California,79,San Luis Obispo,35.02083,-120.56388
2/14/20,AQS,60792004,1,0,ppb,0,Mesa2,23,96,42401,Sulfur dioxide,42020,"San Luis Obispo-Paso Robles-Arroyo Grande, CA",6,California,79,San Luis Obispo,35.02083,-120.56388
2/15/20,AQS,60792004,1,1,ppb,1,Mesa2,23,96,42401,Sulfur dioxide,42020,"San Luis Obispo-Paso Robles-Arroyo Grande, CA",6,California,79,San Luis Obispo,35.02083,-120.56388
2/16/20,AQS,60792004,1,1,ppb,1,Mesa2,23,96,42401,Sulfur dioxide,42020,"San Luis Obispo-Paso Robles-Arroyo Grande, CA",6,California,79,San Luis Obispo,35.02083,-120.56388
2/17/20,AQS,60792004,1,1,ppb,1,Mesa2,23,96,42401,Sulfur dioxide,42020,"San Luis Obispo-Paso Robles-Arroyo Grande, CA",6,California,79,San Luis Obispo,35.02083,-120.56388
2/18/20,AQS,60792004,1,1,ppb,1,Mesa2,23,96,42401,Sulfur dioxide,42020,"San Luis Obispo-Paso Robles-Arroyo Grande, CA",6,California,79,San Luis Obispo,35.02083,-120.56388
2/19/20,AQS,60792004,1,1,ppb,1,Mesa2,23,96,42401,Sulfur dioxide,42020,"San Luis Obispo-Paso Robles-Arroyo Grande, CA",6,California,79,San Luis Obispo,35.02083,-120.56388
2/20/20,AQS,60792004,1,2,ppb,3,Mesa2,23,96,42401,Sulfur dioxide,42020,"San Luis Obispo-Paso Robles-Arroyo Grande, CA",6,California,79,San Luis Obispo,35.02083,-120.56388
2/21/20,AQS,60792004,1,1,ppb,1,Mesa2,23,96,42401,Sulfur dioxide,42020,"San Luis Obispo-Paso Robles-Arroyo Grande, CA",6,California,79,San Luis Obispo,35.02083,-120.56388
2/22/20,AQS,60792004,1,0,ppb,0,Mesa2,23,96,42401,Sulfur dioxide,42020,"San Luis Obispo-Paso Robles-Arroyo Grande, CA",6,California,79,San Luis Obispo,35.02083,-120.56388
2/23/20,AQS,60792004,1,0,ppb,0,Mesa2,23,96,42401,Sulfur dioxide,42020,"San Luis Obispo-Paso Robles-Arroyo Grande, CA",6,California,79,San Luis Obispo,35.02083,-120.56388
2/24/20,AQS,60792004,1,1,ppb,1,Mesa2,23,96,42401,Sulfur dioxide,42020,"San Luis Obispo-Paso Robles-Arroyo Grande, CA",6,California,79,San Luis Obispo,35.02083,-120.56388
2/25/20,AQS,60792004,1,0,ppb,0,Mesa2,19,79,42401,Sulfur dioxide,42020,"San Luis Obispo-Paso Robles-Arroyo Grande, CA",6,California,79,San Luis Obispo,35.02083,-120.56388
2/26/20,AQS,60792004,1,0,ppb,0,Mesa2,23,96,42401,Sulfur dioxide,42020,"San Luis Obispo-Paso Robles-Arroyo Grande, CA",6,California,79,San Luis Obispo,35.02083,-120.56388
2/27/20,AQS,60792004,1,0,ppb,0,Mesa2,23,96,42401,Sulfur dioxide,42020,"San Luis Obispo-Paso Robles-Arroyo Grande, CA",6,California,79,San Luis Obispo,35.02083,-120.56388
2/28/20,AQS,60792004,1,0,ppb,0,Mesa2,23,96,42401,Sulfur dioxide,42020,"San Luis Obispo-Paso Robles-Arroyo Grande, CA",6,California,79,San Luis Obispo,35.02083,-120.56388
2/29/20,AQS,60792004,1,0,ppb,0,Mesa2,23,96,42401,Sulfur dioxide,42020,"San Luis Obispo-Paso Robles-Arroyo Grande, CA",6,California,79,San Luis Obispo,35.02083,-120.56388
3/1/20,AQS,60792004,1,0,ppb,0,Mesa2,23,96,42401,Sulfur dioxide,42020,"San Luis Obispo-Paso Robles-Arroyo Grande, CA",6,California,79,San Luis Obispo,35.02083,-120.56388
3/2/20,AQS,60792004,1,0,ppb,0,Mesa2,23,96,42401,Sulfur dioxide,42020,"San Luis Obispo-Paso Robles-Arroyo Grande, CA",6,California,79,San Luis Obispo,35.02083,-120.56388
3/3/20,AQS,60792004,1,1,ppb,1,Mesa2,23,96,42401,Sulfur dioxide,42020,"San Luis Obispo-Paso Robles-Arroyo Grande, CA",6,California,79,San Luis Obispo,35.02083,-120.56388
3/4/20,AQS,60792004,1,0,ppb,0,Mesa2,23,96,42401,Sulfur dioxide,42020,"San Luis Obispo-Paso Robles-Arroyo Grande, CA",6,California,79,San Luis Obispo,35.02083,-120.56388
3/5/20,AQS,60792004,1,0,ppb,0,Mesa2,23,96,42401,Sulfur dioxide,42020,"San Luis Obispo-Paso Robles-Arroyo Grande, CA",6,California,79,San Luis Obispo,35.02083,-120.56388
3/6/20,AQS,60792004,1,0,ppb,0,Mesa2,23,96,42401,Sulfur dioxide,42020,"San Luis Obispo-Paso Robles-Arroyo Grande, CA",6,California,79,San Luis Obispo,35.02083,-120.56388
3/7/20,AQS,60792004,1,0,ppb,0,Mesa2,23,96,42401,Sulfur dioxide,42020,"San Luis Obispo-Paso Robles-Arroyo Grande, CA",6,California,79,San Luis Obispo,35.02083,-120.56388
3/8/20,AQS,60792004,1,0,ppb,0,Mesa2,23,96,42401,Sulfur dioxide,42020,"San Luis Obispo-Paso Robles-Arroyo Grande, CA",6,California,79,San Luis Obispo,35.02083,-120.56388
3/9/20,AQS,60792004,1,0,ppb,0,Mesa2,23,96,42401,Sulfur dioxide,42020,"San Luis Obispo-Paso Robles-Arroyo Grande, CA",6,California,79,San Luis Obispo,35.02083,-120.56388
3/10/20,AQS,60792004,1,0,ppb,0,Mesa2,23,96,42401,Sulfur dioxide,42020,"San Luis Obispo-Paso Robles-Arroyo Grande, CA",6,California,79,San Luis Obispo,35.02083,-120.56388
3/11/20,AQS,60792004,1,0,ppb,0,Mesa2,23,96,42401,Sulfur dioxide,42020,"San Luis Obispo-Paso Robles-Arroyo Grande, CA",6,California,79,San Luis Obispo,35.02083,-120.56388
3/12/20,AQS,60792004,1,0,ppb,0,Mesa2,23,96,42401,Sulfur dioxide,42020,"San Luis Obispo-Paso Robles-Arroyo Grande, CA",6,California,79,San Luis Obispo,35.02083,-120.56388
3/13/20,AQS,60792004,1,0,ppb,0,Mesa2,23,96,42401,Sulfur dioxide,42020,"San Luis Obispo-Paso Robles-Arroyo Grande, CA",6,California,79,San Luis Obispo,35.02083,-120.56388
3/14/20,AQS,60792004,1,0,ppb,0,Mesa2,23,96,42401,Sulfur dioxide,42020,"San Luis Obispo-Paso Robles-Arroyo Grande, CA",6,California,79,San Luis Obispo,35.02083,-120.56388
3/15/20,AQS,60792004,1,0,ppb,0,Mesa2,23,96,42401,Sulfur dioxide,42020,"San Luis Obispo-Paso Robles-Arroyo Grande, CA",6,California,79,San Luis Obispo,35.02083,-120.56388
3/16/20,AQS,60792004,1,0,ppb,0,Mesa2,23,96,42401,Sulfur dioxide,42020,"San Luis Obispo-Paso Robles-Arroyo Grande, CA",6,California,79,San Luis Obispo,35.02083,-120.56388
3/17/20,AQS,60792004,1,1,ppb,1,Mesa2,22,92,42401,Sulfur dioxide,42020,"San Luis Obispo-Paso Robles-Arroyo Grande, CA",6,California,79,San Luis Obispo,35.02083,-120.56388
3/18/20,AQS,60792004,1,0,ppb,0,Mesa2,23,96,42401,Sulfur dioxide,42020,"San Luis Obispo-Paso Robles-Arroyo Grande, CA",6,California,79,San Luis Obispo,35.02083,-120.56388
3/19/20,AQS,60792004,1,0,ppb,0,Mesa2,23,96,42401,Sulfur dioxide,42020,"San Luis Obispo-Paso Robles-Arroyo Grande, CA",6,California,79,San Luis Obispo,35.02083,-120.56388
3/20/20,AQS,60792004,1,0,ppb,0,Mesa2,23,96,42401,Sulfur dioxide,42020,"San Luis Obispo-Paso Robles-Arroyo Grande, CA",6,California,79,San Luis Obispo,35.02083,-120.56388
3/21/20,AQS,60792004,1,0,ppb,0,Mesa2,23,96,42401,Sulfur dioxide,42020,"San Luis Obispo-Paso Robles-Arroyo Grande, CA",6,California,79,San Luis Obispo,35.02083,-120.56388
3/22/20,AQS,60792004,1,0,ppb,0,Mesa2,23,96,42401,Sulfur dioxide,42020,"San Luis Obispo-Paso Robles-Arroyo Grande, CA",6,California,79,San Luis Obispo,35.02083,-120.56388
3/23/20,AQS,60792004,1,0,ppb,0,Mesa2,23,96,42401,Sulfur dioxide,42020,"San Luis Obispo-Paso Robles-Arroyo Grande, CA",6,California,79,San Luis Obispo,35.02083,-120.56388
3/24/20,AQS,60792004,1,0,ppb,0,Mesa2,23,96,42401,Sulfur dioxide,42020,"San Luis Obispo-Paso Robles-Arroyo Grande, CA",6,California,79,San Luis Obispo,35.02083,-120.56388
3/25/20,AQS,60792004,1,0,ppb,0,Mesa2,23,96,42401,Sulfur dioxide,42020,"San Luis Obispo-Paso Robles-Arroyo Grande, CA",6,California,79,San Luis Obispo,35.02083,-120.56388
3/26/20,AQS,60792004,1,0,ppb,0,Mesa2,23,96,42401,Sulfur dioxide,42020,"San Luis Obispo-Paso Robles-Arroyo Grande, CA",6,California,79,San Luis Obispo,35.02083,-120.56388
3/27/20,AQS,60792004,1,0,ppb,0,Mesa2,23,96,42401,Sulfur dioxide,42020,"San Luis Obispo-Paso Robles-Arroyo Grande, CA",6,California,79,San Luis Obispo,35.02083,-120.56388
3/28/20,AQS,60792004,1,0,ppb,0,Mesa2,23,96,42401,Sulfur dioxide,42020,"San Luis Obispo-Paso Robles-Arroyo Grande, CA",6,California,79,San Luis Obispo,35.02083,-120.56388
3/29/20,AQS,60792004,1,0,ppb,0,Mesa2,23,96,42401,Sulfur dioxide,42020,"San Luis Obispo-Paso Robles-Arroyo Grande, CA",6,California,79,San Luis Obispo,35.02083,-120.56388
3/30/20,AQS,60792004,1,0,ppb,0,Mesa2,23,96,42401,Sulfur dioxide,42020,"San Luis Obispo-Paso Robles-Arroyo Grande, CA",6,California,79,San Luis Obispo,35.02083,-120.56388
3/31/20,AQS,60792004,1,2,ppb,3,Mesa2,23,96,42401,Sulfur dioxide,42020,"San Luis Obispo-Paso Robles-Arroyo Grande, CA",6,California,79,San Luis Obispo,35.02083,-120.56388
4/1/20,AQS,60792004,1,0,ppb,0,Mesa2,23,96,42401,Sulfur dioxide,42020,"San Luis Obispo-Paso Robles-Arroyo Grande, CA",6,California,79,San Luis Obispo,35.02083,-120.56388
4/2/20,AQS,60792004,1,0,ppb,0,Mesa2,23,96,42401,Sulfur dioxide,42020,"San Luis Obispo-Paso Robles-Arroyo Grande, CA",6,California,79,San Luis Obispo,35.02083,-120.56388
4/3/20,AQS,60792004,1,0,ppb,0,Mesa2,23,96,42401,Sulfur dioxide,42020,"San Luis Obispo-Paso Robles-Arroyo Grande, CA",6,California,79,San Luis Obispo,35.02083,-120.56388
4/4/20,AQS,60792004,1,0,ppb,0,Mesa2,23,96,42401,Sulfur dioxide,42020,"San Luis Obispo-Paso Robles-Arroyo Grande, CA",6,California,79,San Luis Obispo,35.02083,-120.56388
4/5/20,AQS,60792004,1,0,ppb,0,Mesa2,23,96,42401,Sulfur dioxide,42020,"San Luis Obispo-Paso Robles-Arroyo Grande, CA",6,California,79,San Luis Obispo,35.02083,-120.56388
4/6/20,AQS,60792004,1,0,ppb,0,Mesa2,23,96,42401,Sulfur dioxide,42020,"San Luis Obispo-Paso Robles-Arroyo Grande, CA",6,California,79,San Luis Obispo,35.02083,-120.56388
4/7/20,AQS,60792004,1,0,ppb,0,Mesa2,22,92,42401,Sulfur dioxide,42020,"San Luis Obispo-Paso Robles-Arroyo Grande, CA",6,California,79,San Luis Obispo,35.02083,-120.56388
4/8/20,AQS,60792004,1,0,ppb,0,Mesa2,23,96,42401,Sulfur dioxide,42020,"San Luis Obispo-Paso Robles-Arroyo Grande, CA",6,California,79,San Luis Obispo,35.02083,-120.56388
4/9/20,AQS,60792004,1,0,ppb,0,Mesa2,23,96,42401,Sulfur dioxide,42020,"San Luis Obispo-Paso Robles-Arroyo Grande, CA",6,California,79,San Luis Obispo,35.02083,-120.56388
4/10/20,AQS,60792004,1,0,ppb,0,Mesa2,23,96,42401,Sulfur dioxide,42020,"San Luis Obispo-Paso Robles-Arroyo Grande, CA",6,California,79,San Luis Obispo,35.02083,-120.56388
4/11/20,AQS,60792004,1,0,ppb,0,Mesa2,23,96,42401,Sulfur dioxide,42020,"San Luis Obispo-Paso Robles-Arroyo Grande, CA",6,California,79,San Luis Obispo,35.02083,-120.56388
4/12/20,AQS,60792004,1,0,ppb,0,Mesa2,23,96,42401,Sulfur dioxide,42020,"San Luis Obispo-Paso Robles-Arroyo Grande, CA",6,California,79,San Luis Obispo,35.02083,-120.56388
4/13/20,AQS,60792004,1,0,ppb,0,Mesa2,23,96,42401,Sulfur dioxide,42020,"San Luis Obispo-Paso Robles-Arroyo Grande, CA",6,California,79,San Luis Obispo,35.02083,-120.56388
4/14/20,AQS,60792004,1,0,ppb,0,Mesa2,23,96,42401,Sulfur dioxide,42020,"San Luis Obispo-Paso Robles-Arroyo Grande, CA",6,California,79,San Luis Obispo,35.02083,-120.56388
4/15/20,AQS,60792004,1,1,ppb,1,Mesa2,23,96,42401,Sulfur dioxide,42020,"San Luis Obispo-Paso Robles-Arroyo Grande, CA",6,California,79,San Luis Obispo,35.02083,-120.56388
4/16/20,AQS,60792004,1,0,ppb,0,Mesa2,23,96,42401,Sulfur dioxide,42020,"San Luis Obispo-Paso Robles-Arroyo Grande, CA",6,California,79,San Luis Obispo,35.02083,-120.56388
4/17/20,AQS,60792004,1,0,ppb,0,Mesa2,23,96,42401,Sulfur dioxide,42020,"San Luis Obispo-Paso Robles-Arroyo Grande, CA",6,California,79,San Luis Obispo,35.02083,-120.56388
4/18/20,AQS,60792004,1,0,ppb,0,Mesa2,23,96,42401,Sulfur dioxide,42020,"San Luis Obispo-Paso Robles-Arroyo Grande, CA",6,California,79,San Luis Obispo,35.02083,-120.56388
4/19/20,AQS,60792004,1,0,ppb,0,Mesa2,23,96,42401,Sulfur dioxide,42020,"San Luis Obispo-Paso Robles-Arroyo Grande, CA",6,California,79,San Luis Obispo,35.02083,-120.56388
4/20/20,AQS,60792004,1,0,ppb,0,Mesa2,23,96,42401,Sulfur dioxide,42020,"San Luis Obispo-Paso Robles-Arroyo Grande, CA",6,California,79,San Luis Obispo,35.02083,-120.56388
4/21/20,AQS,60792004,1,0,ppb,0,Mesa2,23,96,42401,Sulfur dioxide,42020,"San Luis Obispo-Paso Robles-Arroyo Grande, CA",6,California,79,San Luis Obispo,35.02083,-120.56388
4/22/20,AQS,60792004,1,1,ppb,1,Mesa2,23,96,42401,Sulfur dioxide,42020,"San Luis Obispo-Paso Robles-Arroyo Grande, CA",6,California,79,San Luis Obispo,35.02083,-120.56388
4/23/20,AQS,60792004,1,1,ppb,1,Mesa2,23,96,42401,Sulfur dioxide,42020,"San Luis Obispo-Paso Robles-Arroyo Grande, CA",6,California,79,San Luis Obispo,35.02083,-120.56388
4/24/20,AQS,60792004,1,1,ppb,1,Mesa2,23,96,42401,Sulfur dioxide,42020,"San Luis Obispo-Paso Robles-Arroyo Grande, CA",6,California,79,San Luis Obispo,35.02083,-120.56388
4/25/20,AQS,60792004,1,1,ppb,1,Mesa2,23,96,42401,Sulfur dioxide,42020,"San Luis Obispo-Paso Robles-Arroyo Grande, CA",6,California,79,San Luis Obispo,35.02083,-120.56388
4/26/20,AQS,60792004,1,0,ppb,0,Mesa2,23,96,42401,Sulfur dioxide,42020,"San Luis Obispo-Paso Robles-Arroyo Grande, CA",6,California,79,San Luis Obispo,35.02083,-120.56388
4/27/20,AQS,60792004,1,1,ppb,1,Mesa2,23,96,42401,Sulfur dioxide,42020,"San Luis Obispo-Paso Robles-Arroyo Grande, CA",6,California,79,San Luis Obispo,35.02083,-120.56388
4/28/20,AQS,60792004,1,1,ppb,1,Mesa2,21,88,42401,Sulfur dioxide,42020,"San Luis Obispo-Paso Robles-Arroyo Grande, CA",6,California,79,San Luis Obispo,35.02083,-120.56388
4/29/20,AQS,60792004,1,0,ppb,0,Mesa2,23,96,42401,Sulfur dioxide,42020,"San Luis Obispo-Paso Robles-Arroyo Grande, CA",6,California,79,San Luis Obispo,35.02083,-120.56388
4/30/20,AQS,60792004,1,1,ppb,1,Mesa2,23,96,42401,Sulfur dioxide,42020,"San Luis Obispo-Paso Robles-Arroyo Grande, CA",6,California,79,San Luis Obispo,35.02083,-120.56388
1/7/20,AQS,60831013,1,0,ppb,0,Lompoc HSP,23,96,42401,Sulfur dioxide,42200,"Santa Maria-Santa Barbara, CA",6,California,83,Santa Barbara,34.725352,-120.428717
1/8/20,AQS,60831013,1,0,ppb,0,Lompoc HSP,23,96,42401,Sulfur dioxide,42200,"Santa Maria-Santa Barbara, CA",6,California,83,Santa Barbara,34.725352,-120.428717
1/9/20,AQS,60831013,1,0,ppb,0,Lompoc HSP,23,96,42401,Sulfur dioxide,42200,"Santa Maria-Santa Barbara, CA",6,California,83,Santa Barbara,34.725352,-120.428717
1/10/20,AQS,60831013,1,0,ppb,0,Lompoc HSP,23,96,42401,Sulfur dioxide,42200,"Santa Maria-Santa Barbara, CA",6,California,83,Santa Barbara,34.725352,-120.428717
1/11/20,AQS,60831013,1,0,ppb,0,Lompoc HSP,23,96,42401,Sulfur dioxide,42200,"Santa Maria-Santa Barbara, CA",6,California,83,Santa Barbara,34.725352,-120.428717
1/12/20,AQS,60831013,1,0,ppb,0,Lompoc HSP,23,96,42401,Sulfur dioxide,42200,"Santa Maria-Santa Barbara, CA",6,California,83,Santa Barbara,34.725352,-120.428717
1/13/20,AQS,60831013,1,0,ppb,0,Lompoc HSP,23,96,42401,Sulfur dioxide,42200,"Santa Maria-Santa Barbara, CA",6,California,83,Santa Barbara,34.725352,-120.428717
1/14/20,AQS,60831013,1,0,ppb,0,Lompoc HSP,18,75,42401,Sulfur dioxide,42200,"Santa Maria-Santa Barbara, CA",6,California,83,Santa Barbara,34.725352,-120.428717
1/15/20,AQS,60831013,1,0,ppb,0,Lompoc HSP,23,96,42401,Sulfur dioxide,42200,"Santa Maria-Santa Barbara, CA",6,California,83,Santa Barbara,34.725352,-120.428717
1/16/20,AQS,60831013,1,0,ppb,0,Lompoc HSP,23,96,42401,Sulfur dioxide,42200,"Santa Maria-Santa Barbara, CA",6,California,83,Santa Barbara,34.725352,-120.428717
1/17/20,AQS,60831013,1,0,ppb,0,Lompoc HSP,23,96,42401,Sulfur dioxide,42200,"Santa Maria-Santa Barbara, CA",6,California,83,Santa Barbara,34.725352,-120.428717
1/18/20,AQS,60831013,1,0,ppb,0,Lompoc HSP,23,96,42401,Sulfur dioxide,42200,"Santa Maria-Santa Barbara, CA",6,California,83,Santa Barbara,34.725352,-120.428717
1/19/20,AQS,60831013,1,0,ppb,0,Lompoc HSP,23,96,42401,Sulfur dioxide,42200,"Santa Maria-Santa Barbara, CA",6,California,83,Santa Barbara,34.725352,-120.428717
1/20/20,AQS,60831013,1,0,ppb,0,Lompoc HSP,23,96,42401,Sulfur dioxide,42200,"Santa Maria-Santa Barbara, CA",6,California,83,Santa Barbara,34.725352,-120.428717
1/21/20,AQS,60831013,1,0,ppb,0,Lompoc HSP,23,96,42401,Sulfur dioxide,42200,"Santa Maria-Santa Barbara, CA",6,California,83,Santa Barbara,34.725352,-120.428717
1/22/20,AQS,60831013,1,0,ppb,0,Lompoc HSP,23,96,42401,Sulfur dioxide,42200,"Santa Maria-Santa Barbara, CA",6,California,83,Santa Barbara,34.725352,-120.428717
1/23/20,AQS,60831013,1,0,ppb,0,Lompoc HSP,23,96,42401,Sulfur dioxide,42200,"Santa Maria-Santa Barbara, CA",6,California,83,Santa Barbara,34.725352,-120.428717
1/24/20,AQS,60831013,1,0,ppb,0,Lompoc HSP,23,96,42401,Sulfur dioxide,42200,"Santa Maria-Santa Barbara, CA",6,California,83,Santa Barbara,34.725352,-120.428717
1/25/20,AQS,60831013,1,0,ppb,0,Lompoc HSP,23,96,42401,Sulfur dioxide,42200,"Santa Maria-Santa Barbara, CA",6,California,83,Santa Barbara,34.725352,-120.428717
1/26/20,AQS,60831013,1,0,ppb,0,Lompoc HSP,23,96,42401,Sulfur dioxide,42200,"Santa Maria-Santa Barbara, CA",6,California,83,Santa Barbara,34.725352,-120.428717
1/27/20,AQS,60831013,1,0,ppb,0,Lompoc HSP,23,96,42401,Sulfur dioxide,42200,"Santa Maria-Santa Barbara, CA",6,California,83,Santa Barbara,34.725352,-120.428717
1/28/20,AQS,60831013,1,0,ppb,0,Lompoc HSP,18,75,42401,Sulfur dioxide,42200,"Santa Maria-Santa Barbara, CA",6,California,83,Santa Barbara,34.725352,-120.428717
1/29/20,AQS,60831013,1,0,ppb,0,Lompoc HSP,23,96,42401,Sulfur dioxide,42200,"Santa Maria-Santa Barbara, CA",6,California,83,Santa Barbara,34.725352,-120.428717
1/30/20,AQS,60831013,1,0,ppb,0,Lompoc HSP,23,96,42401,Sulfur dioxide,42200,"Santa Maria-Santa Barbara, CA",6,California,83,Santa Barbara,34.725352,-120.428717
1/31/20,AQS,60831013,1,0,ppb,0,Lompoc HSP,23,96,42401,Sulfur dioxide,42200,"Santa Maria-Santa Barbara, CA",6,California,83,Santa Barbara,34.725352,-120.428717
1/1/20,AQS,60831020,2,1,ppb,1,UCSB West Campus,23,96,42401,Sulfur dioxide,42200,"Santa Maria-Santa Barbara, CA",6,California,83,Santa Barbara,34.41494167,-119.879511
1/2/20,AQS,60831020,2,0,ppb,0,UCSB West Campus,23,96,42401,Sulfur dioxide,42200,"Santa Maria-Santa Barbara, CA",6,California,83,Santa Barbara,34.41494167,-119.879511
1/3/20,AQS,60831020,2,0,ppb,0,UCSB West Campus,23,96,42401,Sulfur dioxide,42200,"Santa Maria-Santa Barbara, CA",6,California,83,Santa Barbara,34.41494167,-119.879511
1/4/20,AQS,60831020,2,0,ppb,0,UCSB West Campus,23,96,42401,Sulfur dioxide,42200,"Santa Maria-Santa Barbara, CA",6,California,83,Santa Barbara,34.41494167,-119.879511
1/5/20,AQS,60831020,2,0,ppb,0,UCSB West Campus,23,96,42401,Sulfur dioxide,42200,"Santa Maria-Santa Barbara, CA",6,California,83,Santa Barbara,34.41494167,-119.879511
1/6/20,AQS,60831020,2,0,ppb,0,UCSB West Campus,22,92,42401,Sulfur dioxide,42200,"Santa Maria-Santa Barbara, CA",6,California,83,Santa Barbara,34.41494167,-119.879511
1/7/20,AQS,60831020,2,1,ppb,1,UCSB West Campus,23,96,42401,Sulfur dioxide,42200,"Santa Maria-Santa Barbara, CA",6,California,83,Santa Barbara,34.41494167,-119.879511
1/8/20,AQS,60831020,2,1,ppb,1,UCSB West Campus,23,96,42401,Sulfur dioxide,42200,"Santa Maria-Santa Barbara, CA",6,California,83,Santa Barbara,34.41494167,-119.879511
1/9/20,AQS,60831020,2,0,ppb,0,UCSB West Campus,22,92,42401,Sulfur dioxide,42200,"Santa Maria-Santa Barbara, CA",6,California,83,Santa Barbara,34.41494167,-119.879511
1/10/20,AQS,60831020,2,0,ppb,0,UCSB West Campus,23,96,42401,Sulfur dioxide,42200,"Santa Maria-Santa Barbara, CA",6,California,83,Santa Barbara,34.41494167,-119.879511
1/11/20,AQS,60831020,2,0,ppb,0,UCSB West Campus,23,96,42401,Sulfur dioxide,42200,"Santa Maria-Santa Barbara, CA",6,California,83,Santa Barbara,34.41494167,-119.879511
1/12/20,AQS,60831020,2,0,ppb,0,UCSB West Campus,23,96,42401,Sulfur dioxide,42200,"Santa Maria-Santa Barbara, CA",6,California,83,Santa Barbara,34.41494167,-119.879511
1/13/20,AQS,60831020,2,0,ppb,0,UCSB West Campus,23,96,42401,Sulfur dioxide,42200,"Santa Maria-Santa Barbara, CA",6,California,83,Santa Barbara,34.41494167,-119.879511
1/14/20,AQS,60831020,2,0,ppb,0,UCSB West Campus,23,96,42401,Sulfur dioxide,42200,"Santa Maria-Santa Barbara, CA",6,California,83,Santa Barbara,34.41494167,-119.879511
1/15/20,AQS,60831020,2,0,ppb,0,UCSB West Campus,23,96,42401,Sulfur dioxide,42200,"Santa Maria-Santa Barbara, CA",6,California,83,Santa Barbara,34.41494167,-119.879511
1/16/20,AQS,60831020,2,0,ppb,0,UCSB West Campus,23,96,42401,Sulfur dioxide,42200,"Santa Maria-Santa Barbara, CA",6,California,83,Santa Barbara,34.41494167,-119.879511
1/17/20,AQS,60831020,2,0,ppb,0,UCSB West Campus,23,96,42401,Sulfur dioxide,42200,"Santa Maria-Santa Barbara, CA",6,California,83,Santa Barbara,34.41494167,-119.879511
1/18/20,AQS,60831020,2,0,ppb,0,UCSB West Campus,23,96,42401,Sulfur dioxide,42200,"Santa Maria-Santa Barbara, CA",6,California,83,Santa Barbara,34.41494167,-119.879511
1/19/20,AQS,60831020,2,0,ppb,0,UCSB West Campus,23,96,42401,Sulfur dioxide,42200,"Santa Maria-Santa Barbara, CA",6,California,83,Santa Barbara,34.41494167,-119.879511
1/20/20,AQS,60831020,2,0,ppb,0,UCSB West Campus,23,96,42401,Sulfur dioxide,42200,"Santa Maria-Santa Barbara, CA",6,California,83,Santa Barbara,34.41494167,-119.879511
1/21/20,AQS,60831020,2,0,ppb,0,UCSB West Campus,23,96,42401,Sulfur dioxide,42200,"Santa Maria-Santa Barbara, CA",6,California,83,Santa Barbara,34.41494167,-119.879511
1/22/20,AQS,60831020,2,0,ppb,0,UCSB West Campus,21,88,42401,Sulfur dioxide,42200,"Santa Maria-Santa Barbara, CA",6,California,83,Santa Barbara,34.41494167,-119.879511
1/23/20,AQS,60831020,2,0,ppb,0,UCSB West Campus,20,83,42401,Sulfur dioxide,42200,"Santa Maria-Santa Barbara, CA",6,California,83,Santa Barbara,34.41494167,-119.879511
1/24/20,AQS,60831020,2,0,ppb,0,UCSB West Campus,23,96,42401,Sulfur dioxide,42200,"Santa Maria-Santa Barbara, CA",6,California,83,Santa Barbara,34.41494167,-119.879511
1/25/20,AQS,60831020,2,1,ppb,1,UCSB West Campus,23,96,42401,Sulfur dioxide,42200,"Santa Maria-Santa Barbara, CA",6,California,83,Santa Barbara,34.41494167,-119.879511
1/26/20,AQS,60831020,2,0,ppb,0,UCSB West Campus,23,96,42401,Sulfur dioxide,42200,"Santa Maria-Santa Barbara, CA",6,California,83,Santa Barbara,34.41494167,-119.879511
1/27/20,AQS,60831020,2,0,ppb,0,UCSB West Campus,23,96,42401,Sulfur dioxide,42200,"Santa Maria-Santa Barbara, CA",6,California,83,Santa Barbara,34.41494167,-119.879511
1/28/20,AQS,60831020,2,0,ppb,0,UCSB West Campus,23,96,42401,Sulfur dioxide,42200,"Santa Maria-Santa Barbara, CA",6,California,83,Santa Barbara,34.41494167,-119.879511
1/29/20,AQS,60831020,2,1,ppb,1,UCSB West Campus,23,96,42401,Sulfur dioxide,42200,"Santa Maria-Santa Barbara, CA",6,California,83,Santa Barbara,34.41494167,-119.879511
1/30/20,AQS,60831020,2,1,ppb,1,UCSB West Campus,23,96,42401,Sulfur dioxide,42200,"Santa Maria-Santa Barbara, CA",6,California,83,Santa Barbara,34.41494167,-119.879511
1/31/20,AQS,60831020,2,1,ppb,1,UCSB West Campus,20,83,42401,Sulfur dioxide,42200,"Santa Maria-Santa Barbara, CA",6,California,83,Santa Barbara,34.41494167,-119.879511
1/1/20,AQS,60831025,1,0,ppb,0,Los Flores Canyon #1,23,96,42401,Sulfur dioxide,42200,"Santa Maria-Santa Barbara, CA",6,California,83,Santa Barbara,34.48974,-120.04692
1/2/20,AQS,60831025,1,0,ppb,0,Los Flores Canyon #1,23,96,42401,Sulfur dioxide,42200,"Santa Maria-Santa Barbara, CA",6,California,83,Santa Barbara,34.48974,-120.04692
1/3/20,AQS,60831025,1,0,ppb,0,Los Flores Canyon #1,23,96,42401,Sulfur dioxide,42200,"Santa Maria-Santa Barbara, CA",6,California,83,Santa Barbara,34.48974,-120.04692
1/4/20,AQS,60831025,1,0,ppb,0,Los Flores Canyon #1,23,96,42401,Sulfur dioxide,42200,"Santa Maria-Santa Barbara, CA",6,California,83,Santa Barbara,34.48974,-120.04692
1/5/20,AQS,60831025,1,0,ppb,0,Los Flores Canyon #1,23,96,42401,Sulfur dioxide,42200,"Santa Maria-Santa Barbara, CA",6,California,83,Santa Barbara,34.48974,-120.04692
1/6/20,AQS,60831025,1,0,ppb,0,Los Flores Canyon #1,23,96,42401,Sulfur dioxide,42200,"Santa Maria-Santa Barbara, CA",6,California,83,Santa Barbara,34.48974,-120.04692
1/7/20,AQS,60831025,1,0,ppb,0,Los Flores Canyon #1,23,96,42401,Sulfur dioxide,42200,"Santa Maria-Santa Barbara, CA",6,California,83,Santa Barbara,34.48974,-120.04692
1/8/20,AQS,60831025,1,0,ppb,0,Los Flores Canyon #1,23,96,42401,Sulfur dioxide,42200,"Santa Maria-Santa Barbara, CA",6,California,83,Santa Barbara,34.48974,-120.04692
1/11/20,AQS,60831025,1,0,ppb,0,Los Flores Canyon #1,23,96,42401,Sulfur dioxide,42200,"Santa Maria-Santa Barbara, CA",6,California,83,Santa Barbara,34.48974,-120.04692
1/12/20,AQS,60831025,1,0,ppb,0,Los Flores Canyon #1,23,96,42401,Sulfur dioxide,42200,"Santa Maria-Santa Barbara, CA",6,California,83,Santa Barbara,34.48974,-120.04692
1/13/20,AQS,60831025,1,0,ppb,0,Los Flores Canyon #1,23,96,42401,Sulfur dioxide,42200,"Santa Maria-Santa Barbara, CA",6,California,83,Santa Barbara,34.48974,-120.04692
1/14/20,AQS,60831025,1,0,ppb,0,Los Flores Canyon #1,23,96,42401,Sulfur dioxide,42200,"Santa Maria-Santa Barbara, CA",6,California,83,Santa Barbara,34.48974,-120.04692
1/15/20,AQS,60831025,1,0,ppb,0,Los Flores Canyon #1,23,96,42401,Sulfur dioxide,42200,"Santa Maria-Santa Barbara, CA",6,California,83,Santa Barbara,34.48974,-120.04692
1/16/20,AQS,60831025,1,0,ppb,0,Los Flores Canyon #1,23,96,42401,Sulfur dioxide,42200,"Santa Maria-Santa Barbara, CA",6,California,83,Santa Barbara,34.48974,-120.04692
1/17/20,AQS,60831025,1,0,ppb,0,Los Flores Canyon #1,23,96,42401,Sulfur dioxide,42200,"Santa Maria-Santa Barbara, CA",6,California,83,Santa Barbara,34.48974,-120.04692
1/18/20,AQS,60831025,1,0,ppb,0,Los Flores Canyon #1,23,96,42401,Sulfur dioxide,42200,"Santa Maria-Santa Barbara, CA",6,California,83,Santa Barbara,34.48974,-120.04692
1/19/20,AQS,60831025,1,0,ppb,0,Los Flores Canyon #1,23,96,42401,Sulfur dioxide,42200,"Santa Maria-Santa Barbara, CA",6,California,83,Santa Barbara,34.48974,-120.04692
1/20/20,AQS,60831025,1,0,ppb,0,Los Flores Canyon #1,23,96,42401,Sulfur dioxide,42200,"Santa Maria-Santa Barbara, CA",6,California,83,Santa Barbara,34.48974,-120.04692
1/21/20,AQS,60831025,1,0,ppb,0,Los Flores Canyon #1,23,96,42401,Sulfur dioxide,42200,"Santa Maria-Santa Barbara, CA",6,California,83,Santa Barbara,34.48974,-120.04692
1/22/20,AQS,60831025,1,0,ppb,0,Los Flores Canyon #1,23,96,42401,Sulfur dioxide,42200,"Santa Maria-Santa Barbara, CA",6,California,83,Santa Barbara,34.48974,-120.04692
1/23/20,AQS,60831025,1,0,ppb,0,Los Flores Canyon #1,20,83,42401,Sulfur dioxide,42200,"Santa Maria-Santa Barbara, CA",6,California,83,Santa Barbara,34.48974,-120.04692
1/24/20,AQS,60831025,1,0,ppb,0,Los Flores Canyon #1,22,92,42401,Sulfur dioxide,42200,"Santa Maria-Santa Barbara, CA",6,California,83,Santa Barbara,34.48974,-120.04692
1/25/20,AQS,60831025,1,0,ppb,0,Los Flores Canyon #1,23,96,42401,Sulfur dioxide,42200,"Santa Maria-Santa Barbara, CA",6,California,83,Santa Barbara,34.48974,-120.04692
1/26/20,AQS,60831025,1,0,ppb,0,Los Flores Canyon #1,23,96,42401,Sulfur dioxide,42200,"Santa Maria-Santa Barbara, CA",6,California,83,Santa Barbara,34.48974,-120.04692
1/28/20,AQS,60831025,1,0,ppb,0,Los Flores Canyon #1,23,96,42401,Sulfur dioxide,42200,"Santa Maria-Santa Barbara, CA",6,California,83,Santa Barbara,34.48974,-120.04692
1/29/20,AQS,60831025,1,0,ppb,0,Los Flores Canyon #1,23,96,42401,Sulfur dioxide,42200,"Santa Maria-Santa Barbara, CA",6,California,83,Santa Barbara,34.48974,-120.04692
1/30/20,AQS,60831025,1,0,ppb,0,Los Flores Canyon #1,21,88,42401,Sulfur dioxide,42200,"Santa Maria-Santa Barbara, CA",6,California,83,Santa Barbara,34.48974,-120.04692
1/31/20,AQS,60831025,1,0,ppb,0,Los Flores Canyon #1,23,96,42401,Sulfur dioxide,42200,"Santa Maria-Santa Barbara, CA",6,California,83,Santa Barbara,34.48974,-120.04692
2/1/20,AQS,60831025,1,0,ppb,0,Los Flores Canyon #1,23,96,42401,Sulfur dioxide,42200,"Santa Maria-Santa Barbara, CA",6,California,83,Santa Barbara,34.48974,-120.04692
2/2/20,AQS,60831025,1,0,ppb,0,Los Flores Canyon #1,23,96,42401,Sulfur dioxide,42200,"Santa Maria-Santa Barbara, CA",6,California,83,Santa Barbara,34.48974,-120.04692
2/3/20,AQS,60831025,1,0,ppb,0,Los Flores Canyon #1,21,88,42401,Sulfur dioxide,42200,"Santa Maria-Santa Barbara, CA",6,California,83,Santa Barbara,34.48974,-120.04692
2/4/20,AQS,60831025,1,0,ppb,0,Los Flores Canyon #1,23,96,42401,Sulfur dioxide,42200,"Santa Maria-Santa Barbara, CA",6,California,83,Santa Barbara,34.48974,-120.04692
2/5/20,AQS,60831025,1,0,ppb,0,Los Flores Canyon #1,23,96,42401,Sulfur dioxide,42200,"Santa Maria-Santa Barbara, CA",6,California,83,Santa Barbara,34.48974,-120.04692
2/6/20,AQS,60831025,1,0,ppb,0,Los Flores Canyon #1,22,92,42401,Sulfur dioxide,42200,"Santa Maria-Santa Barbara, CA",6,California,83,Santa Barbara,34.48974,-120.04692
2/7/20,AQS,60831025,1,0,ppb,0,Los Flores Canyon #1,23,96,42401,Sulfur dioxide,42200,"Santa Maria-Santa Barbara, CA",6,California,83,Santa Barbara,34.48974,-120.04692
2/8/20,AQS,60831025,1,0,ppb,0,Los Flores Canyon #1,23,96,42401,Sulfur dioxide,42200,"Santa Maria-Santa Barbara, CA",6,California,83,Santa Barbara,34.48974,-120.04692
2/9/20,AQS,60831025,1,0,ppb,0,Los Flores Canyon #1,23,96,42401,Sulfur dioxide,42200,"Santa Maria-Santa Barbara, CA",6,California,83,Santa Barbara,34.48974,-120.04692
2/10/20,AQS,60831025,1,0,ppb,0,Los Flores Canyon #1,23,96,42401,Sulfur dioxide,42200,"Santa Maria-Santa Barbara, CA",6,California,83,Santa Barbara,34.48974,-120.04692
2/11/20,AQS,60831025,1,0,ppb,0,Los Flores Canyon #1,20,83,42401,Sulfur dioxide,42200,"Santa Maria-Santa Barbara, CA",6,California,83,Santa Barbara,34.48974,-120.04692
2/12/20,AQS,60831025,1,0,ppb,0,Los Flores Canyon #1,21,88,42401,Sulfur dioxide,42200,"Santa Maria-Santa Barbara, CA",6,California,83,Santa Barbara,34.48974,-120.04692
2/13/20,AQS,60831025,1,0,ppb,0,Los Flores Canyon #1,22,92,42401,Sulfur dioxide,42200,"Santa Maria-Santa Barbara, CA",6,California,83,Santa Barbara,34.48974,-120.04692
2/14/20,AQS,60831025,1,0,ppb,0,Los Flores Canyon #1,21,88,42401,Sulfur dioxide,42200,"Santa Maria-Santa Barbara, CA",6,California,83,Santa Barbara,34.48974,-120.04692
2/15/20,AQS,60831025,1,0,ppb,0,Los Flores Canyon #1,23,96,42401,Sulfur dioxide,42200,"Santa Maria-Santa Barbara, CA",6,California,83,Santa Barbara,34.48974,-120.04692
2/16/20,AQS,60831025,1,0,ppb,0,Los Flores Canyon #1,23,96,42401,Sulfur dioxide,42200,"Santa Maria-Santa Barbara, CA",6,California,83,Santa Barbara,34.48974,-120.04692
2/17/20,AQS,60831025,1,0,ppb,0,Los Flores Canyon #1,23,96,42401,Sulfur dioxide,42200,"Santa Maria-Santa Barbara, CA",6,California,83,Santa Barbara,34.48974,-120.04692
2/18/20,AQS,60831025,1,0,ppb,0,Los Flores Canyon #1,23,96,42401,Sulfur dioxide,42200,"Santa Maria-Santa Barbara, CA",6,California,83,Santa Barbara,34.48974,-120.04692
2/19/20,AQS,60831025,1,0,ppb,0,Los Flores Canyon #1,23,96,42401,Sulfur dioxide,42200,"Santa Maria-Santa Barbara, CA",6,California,83,Santa Barbara,34.48974,-120.04692
2/20/20,AQS,60831025,1,0,ppb,0,Los Flores Canyon #1,23,96,42401,Sulfur dioxide,42200,"Santa Maria-Santa Barbara, CA",6,California,83,Santa Barbara,34.48974,-120.04692
2/21/20,AQS,60831025,1,0,ppb,0,Los Flores Canyon #1,22,92,42401,Sulfur dioxide,42200,"Santa Maria-Santa Barbara, CA",6,California,83,Santa Barbara,34.48974,-120.04692
2/22/20,AQS,60831025,1,0,ppb,0,Los Flores Canyon #1,23,96,42401,Sulfur dioxide,42200,"Santa Maria-Santa Barbara, CA",6,California,83,Santa Barbara,34.48974,-120.04692
2/23/20,AQS,60831025,1,0,ppb,0,Los Flores Canyon #1,23,96,42401,Sulfur dioxide,42200,"Santa Maria-Santa Barbara, CA",6,California,83,Santa Barbara,34.48974,-120.04692
2/24/20,AQS,60831025,1,0,ppb,0,Los Flores Canyon #1,22,92,42401,Sulfur dioxide,42200,"Santa Maria-Santa Barbara, CA",6,California,83,Santa Barbara,34.48974,-120.04692
2/25/20,AQS,60831025,1,0,ppb,0,Los Flores Canyon #1,22,92,42401,Sulfur dioxide,42200,"Santa Maria-Santa Barbara, CA",6,California,83,Santa Barbara,34.48974,-120.04692
2/26/20,AQS,60831025,1,0,ppb,0,Los Flores Canyon #1,23,96,42401,Sulfur dioxide,42200,"Santa Maria-Santa Barbara, CA",6,California,83,Santa Barbara,34.48974,-120.04692
2/27/20,AQS,60831025,1,0,ppb,0,Los Flores Canyon #1,23,96,42401,Sulfur dioxide,42200,"Santa Maria-Santa Barbara, CA",6,California,83,Santa Barbara,34.48974,-120.04692
2/28/20,AQS,60831025,1,0,ppb,0,Los Flores Canyon #1,21,88,42401,Sulfur dioxide,42200,"Santa Maria-Santa Barbara, CA",6,California,83,Santa Barbara,34.48974,-120.04692
2/29/20,AQS,60831025,1,0,ppb,0,Los Flores Canyon #1,23,96,42401,Sulfur dioxide,42200,"Santa Maria-Santa Barbara, CA",6,California,83,Santa Barbara,34.48974,-120.04692
1/1/20,AQS,60832004,1,1,ppb,1,Lompoc H Street,23,96,42401,Sulfur dioxide,42200,"Santa Maria-Santa Barbara, CA",6,California,83,Santa Barbara,34.63782,-120.4575
1/2/20,AQS,60832004,1,1,ppb,1,Lompoc H Street,23,96,42401,Sulfur dioxide,42200,"Santa Maria-Santa Barbara, CA",6,California,83,Santa Barbara,34.63782,-120.4575
1/3/20,AQS,60832004,1,1,ppb,1,Lompoc H Street,23,96,42401,Sulfur dioxide,42200,"Santa Maria-Santa Barbara, CA",6,California,83,Santa Barbara,34.63782,-120.4575
1/4/20,AQS,60832004,1,1,ppb,1,Lompoc H Street,23,96,42401,Sulfur dioxide,42200,"Santa Maria-Santa Barbara, CA",6,California,83,Santa Barbara,34.63782,-120.4575
1/5/20,AQS,60832004,1,1,ppb,1,Lompoc H Street,23,96,42401,Sulfur dioxide,42200,"Santa Maria-Santa Barbara, CA",6,California,83,Santa Barbara,34.63782,-120.4575
1/6/20,AQS,60832004,1,1,ppb,1,Lompoc H Street,23,96,42401,Sulfur dioxide,42200,"Santa Maria-Santa Barbara, CA",6,California,83,Santa Barbara,34.63782,-120.4575
1/7/20,AQS,60832004,1,1,ppb,1,Lompoc H Street,22,92,42401,Sulfur dioxide,42200,"Santa Maria-Santa Barbara, CA",6,California,83,Santa Barbara,34.63782,-120.4575
1/8/20,AQS,60832004,1,1,ppb,1,Lompoc H Street,23,96,42401,Sulfur dioxide,42200,"Santa Maria-Santa Barbara, CA",6,California,83,Santa Barbara,34.63782,-120.4575
1/9/20,AQS,60832004,1,1,ppb,1,Lompoc H Street,23,96,42401,Sulfur dioxide,42200,"Santa Maria-Santa Barbara, CA",6,California,83,Santa Barbara,34.63782,-120.4575
1/10/20,AQS,60832004,1,1,ppb,1,Lompoc H Street,22,92,42401,Sulfur dioxide,42200,"Santa Maria-Santa Barbara, CA",6,California,83,Santa Barbara,34.63782,-120.4575
1/11/20,AQS,60832004,1,1,ppb,1,Lompoc H Street,23,96,42401,Sulfur dioxide,42200,"Santa Maria-Santa Barbara, CA",6,California,83,Santa Barbara,34.63782,-120.4575
1/12/20,AQS,60832004,1,1,ppb,1,Lompoc H Street,23,96,42401,Sulfur dioxide,42200,"Santa Maria-Santa Barbara, CA",6,California,83,Santa Barbara,34.63782,-120.4575
1/13/20,AQS,60832004,1,0,ppb,0,Lompoc H Street,23,96,42401,Sulfur dioxide,42200,"Santa Maria-Santa Barbara, CA",6,California,83,Santa Barbara,34.63782,-120.4575
1/14/20,AQS,60832004,1,1,ppb,1,Lompoc H Street,20,83,42401,Sulfur dioxide,42200,"Santa Maria-Santa Barbara, CA",6,California,83,Santa Barbara,34.63782,-120.4575
1/15/20,AQS,60832004,1,1,ppb,1,Lompoc H Street,23,96,42401,Sulfur dioxide,42200,"Santa Maria-Santa Barbara, CA",6,California,83,Santa Barbara,34.63782,-120.4575
1/16/20,AQS,60832004,1,1,ppb,1,Lompoc H Street,23,96,42401,Sulfur dioxide,42200,"Santa Maria-Santa Barbara, CA",6,California,83,Santa Barbara,34.63782,-120.4575
1/17/20,AQS,60832004,1,1,ppb,1,Lompoc H Street,21,88,42401,Sulfur dioxide,42200,"Santa Maria-Santa Barbara, CA",6,California,83,Santa Barbara,34.63782,-120.4575
1/18/20,AQS,60832004,1,1,ppb,1,Lompoc H Street,23,96,42401,Sulfur dioxide,42200,"Santa Maria-Santa Barbara, CA",6,California,83,Santa Barbara,34.63782,-120.4575
1/19/20,AQS,60832004,1,1,ppb,1,Lompoc H Street,23,96,42401,Sulfur dioxide,42200,"Santa Maria-Santa Barbara, CA",6,California,83,Santa Barbara,34.63782,-120.4575
1/20/20,AQS,60832004,1,1,ppb,1,Lompoc H Street,23,96,42401,Sulfur dioxide,42200,"Santa Maria-Santa Barbara, CA",6,California,83,Santa Barbara,34.63782,-120.4575
1/21/20,AQS,60832004,1,1,ppb,1,Lompoc H Street,23,96,42401,Sulfur dioxide,42200,"Santa Maria-Santa Barbara, CA",6,California,83,Santa Barbara,34.63782,-120.4575
1/22/20,AQS,60832004,1,1,ppb,1,Lompoc H Street,23,96,42401,Sulfur dioxide,42200,"Santa Maria-Santa Barbara, CA",6,California,83,Santa Barbara,34.63782,-120.4575
1/23/20,AQS,60832004,1,1,ppb,1,Lompoc H Street,23,96,42401,Sulfur dioxide,42200,"Santa Maria-Santa Barbara, CA",6,California,83,Santa Barbara,34.63782,-120.4575
1/24/20,AQS,60832004,1,1,ppb,1,Lompoc H Street,23,96,42401,Sulfur dioxide,42200,"Santa Maria-Santa Barbara, CA",6,California,83,Santa Barbara,34.63782,-120.4575
1/25/20,AQS,60832004,1,1,ppb,1,Lompoc H Street,23,96,42401,Sulfur dioxide,42200,"Santa Maria-Santa Barbara, CA",6,California,83,Santa Barbara,34.63782,-120.4575
1/26/20,AQS,60832004,1,1,ppb,1,Lompoc H Street,23,96,42401,Sulfur dioxide,42200,"Santa Maria-Santa Barbara, CA",6,California,83,Santa Barbara,34.63782,-120.4575
1/27/20,AQS,60832004,1,1,ppb,1,Lompoc H Street,23,96,42401,Sulfur dioxide,42200,"Santa Maria-Santa Barbara, CA",6,California,83,Santa Barbara,34.63782,-120.4575
1/28/20,AQS,60832004,1,1,ppb,1,Lompoc H Street,23,96,42401,Sulfur dioxide,42200,"Santa Maria-Santa Barbara, CA",6,California,83,Santa Barbara,34.63782,-120.4575
1/29/20,AQS,60832004,1,1,ppb,1,Lompoc H Street,23,96,42401,Sulfur dioxide,42200,"Santa Maria-Santa Barbara, CA",6,California,83,Santa Barbara,34.63782,-120.4575
1/30/20,AQS,60832004,1,1,ppb,1,Lompoc H Street,20,83,42401,Sulfur dioxide,42200,"Santa Maria-Santa Barbara, CA",6,California,83,Santa Barbara,34.63782,-120.4575
2/5/20,AQS,60832004,1,1,ppb,1,Lompoc H Street,19,79,42401,Sulfur dioxide,42200,"Santa Maria-Santa Barbara, CA",6,California,83,Santa Barbara,34.63782,-120.4575
2/6/20,AQS,60832004,1,1,ppb,1,Lompoc H Street,23,96,42401,Sulfur dioxide,42200,"Santa Maria-Santa Barbara, CA",6,California,83,Santa Barbara,34.63782,-120.4575
2/7/20,AQS,60832004,1,1,ppb,1,Lompoc H Street,23,96,42401,Sulfur dioxide,42200,"Santa Maria-Santa Barbara, CA",6,California,83,Santa Barbara,34.63782,-120.4575
2/8/20,AQS,60832004,1,1,ppb,1,Lompoc H Street,23,96,42401,Sulfur dioxide,42200,"Santa Maria-Santa Barbara, CA",6,California,83,Santa Barbara,34.63782,-120.4575
2/9/20,AQS,60832004,1,1,ppb,1,Lompoc H Street,23,96,42401,Sulfur dioxide,42200,"Santa Maria-Santa Barbara, CA",6,California,83,Santa Barbara,34.63782,-120.4575
2/10/20,AQS,60832004,1,1,ppb,1,Lompoc H Street,23,96,42401,Sulfur dioxide,42200,"Santa Maria-Santa Barbara, CA",6,California,83,Santa Barbara,34.63782,-120.4575
2/11/20,AQS,60832004,1,1,ppb,1,Lompoc H Street,23,96,42401,Sulfur dioxide,42200,"Santa Maria-Santa Barbara, CA",6,California,83,Santa Barbara,34.63782,-120.4575
2/12/20,AQS,60832004,1,1,ppb,1,Lompoc H Street,22,92,42401,Sulfur dioxide,42200,"Santa Maria-Santa Barbara, CA",6,California,83,Santa Barbara,34.63782,-120.4575
2/13/20,AQS,60832004,1,0,ppb,0,Lompoc H Street,19,79,42401,Sulfur dioxide,42200,"Santa Maria-Santa Barbara, CA",6,California,83,Santa Barbara,34.63782,-120.4575
2/14/20,AQS,60832004,1,1,ppb,1,Lompoc H Street,23,96,42401,Sulfur dioxide,42200,"Santa Maria-Santa Barbara, CA",6,California,83,Santa Barbara,34.63782,-120.4575
2/15/20,AQS,60832004,1,1,ppb,1,Lompoc H Street,23,96,42401,Sulfur dioxide,42200,"Santa Maria-Santa Barbara, CA",6,California,83,Santa Barbara,34.63782,-120.4575
2/16/20,AQS,60832004,1,1,ppb,1,Lompoc H Street,23,96,42401,Sulfur dioxide,42200,"Santa Maria-Santa Barbara, CA",6,California,83,Santa Barbara,34.63782,-120.4575
2/17/20,AQS,60832004,1,1,ppb,1,Lompoc H Street,23,96,42401,Sulfur dioxide,42200,"Santa Maria-Santa Barbara, CA",6,California,83,Santa Barbara,34.63782,-120.4575
2/18/20,AQS,60832004,1,1,ppb,1,Lompoc H Street,23,96,42401,Sulfur dioxide,42200,"Santa Maria-Santa Barbara, CA",6,California,83,Santa Barbara,34.63782,-120.4575
2/19/20,AQS,60832004,1,0,ppb,0,Lompoc H Street,23,96,42401,Sulfur dioxide,42200,"Santa Maria-Santa Barbara, CA",6,California,83,Santa Barbara,34.63782,-120.4575
2/20/20,AQS,60832004,1,1,ppb,1,Lompoc H Street,22,92,42401,Sulfur dioxide,42200,"Santa Maria-Santa Barbara, CA",6,California,83,Santa Barbara,34.63782,-120.4575
2/21/20,AQS,60832004,1,1,ppb,1,Lompoc H Street,23,96,42401,Sulfur dioxide,42200,"Santa Maria-Santa Barbara, CA",6,California,83,Santa Barbara,34.63782,-120.4575
2/22/20,AQS,60832004,1,1,ppb,1,Lompoc H Street,23,96,42401,Sulfur dioxide,42200,"Santa Maria-Santa Barbara, CA",6,California,83,Santa Barbara,34.63782,-120.4575
2/23/20,AQS,60832004,1,1,ppb,1,Lompoc H Street,23,96,42401,Sulfur dioxide,42200,"Santa Maria-Santa Barbara, CA",6,California,83,Santa Barbara,34.63782,-120.4575
2/24/20,AQS,60832004,1,1,ppb,1,Lompoc H Street,23,96,42401,Sulfur dioxide,42200,"Santa Maria-Santa Barbara, CA",6,California,83,Santa Barbara,34.63782,-120.4575
2/25/20,AQS,60832004,1,1,ppb,1,Lompoc H Street,23,96,42401,Sulfur dioxide,42200,"Santa Maria-Santa Barbara, CA",6,California,83,Santa Barbara,34.63782,-120.4575
2/26/20,AQS,60832004,1,1,ppb,1,Lompoc H Street,23,96,42401,Sulfur dioxide,42200,"Santa Maria-Santa Barbara, CA",6,California,83,Santa Barbara,34.63782,-120.4575
2/27/20,AQS,60832004,1,1,ppb,1,Lompoc H Street,21,88,42401,Sulfur dioxide,42200,"Santa Maria-Santa Barbara, CA",6,California,83,Santa Barbara,34.63782,-120.4575
2/28/20,AQS,60832004,1,1,ppb,1,Lompoc H Street,23,96,42401,Sulfur dioxide,42200,"Santa Maria-Santa Barbara, CA",6,California,83,Santa Barbara,34.63782,-120.4575
2/29/20,AQS,60832004,1,1,ppb,1,Lompoc H Street,23,96,42401,Sulfur dioxide,42200,"Santa Maria-Santa Barbara, CA",6,California,83,Santa Barbara,34.63782,-120.4575