Date,Source,Site ID,POC,Daily Max 8-hour CO Concentration,UNITS,DAILY_AQI_VALUE,Site Name,DAILY_OBS_COUNT,PERCENT_COMPLETE,AQS_PARAMETER_CODE,AQS_PARAMETER_DESC,CBSA_CODE,CBSA_NAME,STATE_CODE,STATE,COUNTY_CODE,COUNTY,SITE_LATITUDE,SITE_LONGITUDE
1/1/20,AQS,60379033,1,0.4,ppm,5,Lancaster-Division Street,19,79,42101,Carbon monoxide,31080,"Los Angeles-Long Beach-Anaheim, CA",6,California,37,Los Angeles,34.669739,-118.130511
1/2/20,AQS,60379033,1,0.5,ppm,6,Lancaster-Division Street,24,100,42101,Carbon monoxide,31080,"Los Angeles-Long Beach-Anaheim, CA",6,California,37,Los Angeles,34.669739,-118.130511
1/3/20,AQS,60379033,1,0.6,ppm,7,Lancaster-Division Street,24,100,42101,Carbon monoxide,31080,"Los Angeles-Long Beach-Anaheim, CA",6,California,37,Los Angeles,34.669739,-118.130511
1/4/20,AQS,60379033,1,0.6,ppm,7,Lancaster-Division Street,24,100,42101,Carbon monoxide,31080,"Los Angeles-Long Beach-Anaheim, CA",6,California,37,Los Angeles,34.669739,-118.130511
1/5/20,AQS,60379033,1,0.3,ppm,3,Lancaster-Division Street,24,100,42101,Carbon monoxide,31080,"Los Angeles-Long Beach-Anaheim, CA",6,California,37,Los Angeles,34.669739,-118.130511
1/6/20,AQS,60379033,1,0.5,ppm,6,Lancaster-Division Street,24,100,42101,Carbon monoxide,31080,"Los Angeles-Long Beach-Anaheim, CA",6,California,37,Los Angeles,34.669739,-118.130511
1/7/20,AQS,60379033,1,0.6,ppm,7,Lancaster-Division Street,24,100,42101,Carbon monoxide,31080,"Los Angeles-Long Beach-Anaheim, CA",6,California,37,Los Angeles,34.669739,-118.130511
1/8/20,AQS,60379033,1,0.6,ppm,7,Lancaster-Division Street,24,100,42101,Carbon monoxide,31080,"Los Angeles-Long Beach-Anaheim, CA",6,California,37,Los Angeles,34.669739,-118.130511
1/9/20,AQS,60379033,1,0.2,ppm,2,Lancaster-Division Street,15,63,42101,Carbon monoxide,31080,"Los Angeles-Long Beach-Anaheim, CA",6,California,37,Los Angeles,34.669739,-118.130511
1/10/20,AQS,60379033,1,0.4,ppm,5,Lancaster-Division Street,24,100,42101,Carbon monoxide,31080,"Los Angeles-Long Beach-Anaheim, CA",6,California,37,Los Angeles,34.669739,-118.130511
1/11/20,AQS,60379033,1,0.5,ppm,6,Lancaster-Division Street,24,100,42101,Carbon monoxide,31080,"Los Angeles-Long Beach-Anaheim, CA",6,California,37,Los Angeles,34.669739,-118.130511
1/12/20,AQS,60379033,1,0.3,ppm,3,Lancaster-Division Street,24,100,42101,Carbon monoxide,31080,"Los Angeles-Long Beach-Anaheim, CA",6,California,37,Los Angeles,34.669739,-118.130511
1/13/20,AQS,60379033,1,0.4,ppm,5,Lancaster-Division Street,17,71,42101,Carbon monoxide,31080,"Los Angeles-Long Beach-Anaheim, CA",6,California,37,Los Angeles,34.669739,-118.130511
1/14/20,AQS,60379033,1,0.3,ppm,3,Lancaster-Division Street,24,100,42101,Carbon monoxide,31080,"Los Angeles-Long Beach-Anaheim, CA",6,California,37,Los Angeles,34.669739,-118.130511
1/15/20,AQS,60379033,1,0.5,ppm,6,Lancaster-Division Street,24,100,42101,Carbon monoxide,31080,"Los Angeles-Long Beach-Anaheim, CA",6,California,37,Los Angeles,34.669739,-118.130511
1/16/20,AQS,60379033,1,0.6,ppm,7,Lancaster-Division Street,24,100,42101,Carbon monoxide,31080,"Los Angeles-Long Beach-Anaheim, CA",6,California,37,Los Angeles,34.669739,-118.130511
1/17/20,AQS,60379033,1,0.3,ppm,3,Lancaster-Division Street,24,100,42101,Carbon monoxide,31080,"Los Angeles-Long Beach-Anaheim, CA",6,California,37,Los Angeles,34.669739,-118.130511
1/18/20,AQS,60379033,1,0.5,ppm,6,Lancaster-Division Street,24,100,42101,Carbon monoxide,31080,"Los Angeles-Long Beach-Anaheim, CA",6,California,37,Los Angeles,34.669739,-118.130511
1/19/20,AQS,60379033,1,0.6,ppm,7,Lancaster-Division Street,24,100,42101,Carbon monoxide,31080,"Los Angeles-Long Beach-Anaheim, CA",6,California,37,Los Angeles,34.669739,-118.130511
1/20/20,AQS,60379033,1,0.6,ppm,7,Lancaster-Division Street,24,100,42101,Carbon monoxide,31080,"Los Angeles-Long Beach-Anaheim, CA",6,California,37,Los Angeles,34.669739,-118.130511
1/21/20,AQS,60379033,1,0.4,ppm,5,Lancaster-Division Street,24,100,42101,Carbon monoxide,31080,"Los Angeles-Long Beach-Anaheim, CA",6,California,37,Los Angeles,34.669739,-118.130511
1/22/20,AQS,60379033,1,0.3,ppm,3,Lancaster-Division Street,24,100,42101,Carbon monoxide,31080,"Los Angeles-Long Beach-Anaheim, CA",6,California,37,Los Angeles,34.669739,-118.130511
1/23/20,AQS,60379033,1,0.6,ppm,7,Lancaster-Division Street,24,100,42101,Carbon monoxide,31080,"Los Angeles-Long Beach-Anaheim, CA",6,California,37,Los Angeles,34.669739,-118.130511
1/24/20,AQS,60379033,1,0.6,ppm,7,Lancaster-Division Street,24,100,42101,Carbon monoxide,31080,"Los Angeles-Long Beach-Anaheim, CA",6,California,37,Los Angeles,34.669739,-118.130511
1/25/20,AQS,60379033,1,0.5,ppm,6,Lancaster-Division Street,24,100,42101,Carbon monoxide,31080,"Los Angeles-Long Beach-Anaheim, CA",6,California,37,Los Angeles,34.669739,-118.130511
1/26/20,AQS,60379033,1,0.6,ppm,7,Lancaster-Division Street,24,100,42101,Carbon monoxide,31080,"Los Angeles-Long Beach-Anaheim, CA",6,California,37,Los Angeles,34.669739,-118.130511
1/27/20,AQS,60379033,1,0.3,ppm,3,Lancaster-Division Street,24,100,42101,Carbon monoxide,31080,"Los Angeles-Long Beach-Anaheim, CA",6,California,37,Los Angeles,34.669739,-118.130511
1/28/20,AQS,60379033,1,0.4,ppm,5,Lancaster-Division Street,24,100,42101,Carbon monoxide,31080,"Los Angeles-Long Beach-Anaheim, CA",6,California,37,Los Angeles,34.669739,-118.130511
1/29/20,AQS,60379033,1,0.3,ppm,3,Lancaster-Division Street,24,100,42101,Carbon monoxide,31080,"Los Angeles-Long Beach-Anaheim, CA",6,California,37,Los Angeles,34.669739,-118.130511
1/30/20,AQS,60379033,1,0.5,ppm,6,Lancaster-Division Street,24,100,42101,Carbon monoxide,31080,"Los Angeles-Long Beach-Anaheim, CA",6,California,37,Los Angeles,34.669739,-118.130511
1/31/20,AQS,60379033,1,0.6,ppm,7,Lancaster-Division Street,24,100,42101,Carbon monoxide,31080,"Los Angeles-Long Beach-Anaheim, CA",6,California,37,Los Angeles,34.669739,-118.130511
2/1/20,AQS,60379033,1,0.7,ppm,8,Lancaster-Division Street,24,100,42101,Carbon monoxide,31080,"Los Angeles-Long Beach-Anaheim, CA",6,California,37,Los Angeles,34.669739,-118.130511
2/2/20,AQS,60379033,1,0.5,ppm,6,Lancaster-Division Street,24,100,42101,Carbon monoxide,31080,"Los Angeles-Long Beach-Anaheim, CA",6,California,37,Los Angeles,34.669739,-118.130511
2/3/20,AQS,60379033,1,0.2,ppm,2,Lancaster-Division Street,24,100,42101,Carbon monoxide,31080,"Los Angeles-Long Beach-Anaheim, CA",6,California,37,Los Angeles,34.669739,-118.130511
2/4/20,AQS,60379033,1,0.4,ppm,5,Lancaster-Division Street,24,100,42101,Carbon monoxide,31080,"Los Angeles-Long Beach-Anaheim, CA",6,California,37,Los Angeles,34.669739,-118.130511
2/5/20,AQS,60379033,1,0.5,ppm,6,Lancaster-Division Street,24,100,42101,Carbon monoxide,31080,"Los Angeles-Long Beach-Anaheim, CA",6,California,37,Los Angeles,34.669739,-118.130511
2/6/20,AQS,60379033,1,0.6,ppm,7,Lancaster-Division Street,24,100,42101,Carbon monoxide,31080,"Los Angeles-Long Beach-Anaheim, CA",6,California,37,Los Angeles,34.669739,-118.130511
2/7/20,AQS,60379033,1,0.5,ppm,6,Lancaster-Division Street,24,100,42101,Carbon monoxide,31080,"Los Angeles-Long Beach-Anaheim, CA",6,California,37,Los Angeles,34.669739,-118.130511
2/8/20,AQS,60379033,1,0.5,ppm,6,Lancaster-Division Street,24,100,42101,Carbon monoxide,31080,"Los Angeles-Long Beach-Anaheim, CA",6,California,37,Los Angeles,34.669739,-118.130511
2/9/20,AQS,60379033,1,0.3,ppm,3,Lancaster-Division Street,24,100,42101,Carbon monoxide,31080,"Los Angeles-Long Beach-Anaheim, CA",6,California,37,Los Angeles,34.669739,-118.130511
2/10/20,AQS,60379033,1,0.3,ppm,3,Lancaster-Division Street,24,100,42101,Carbon monoxide,31080,"Los Angeles-Long Beach-Anaheim, CA",6,California,37,Los Angeles,34.669739,-118.130511
2/11/20,AQS,60379033,1,0.4,ppm,5,Lancaster-Division Street,11,46,42101,Carbon monoxide,31080,"Los Angeles-Long Beach-Anaheim, CA",6,California,37,Los Angeles,34.669739,-118.130511
2/13/20,AQS,60379033,1,0.7,ppm,8,Lancaster-Division Street,20,83,42101,Carbon monoxide,31080,"Los Angeles-Long Beach-Anaheim, CA",6,California,37,Los Angeles,34.669739,-118.130511
2/14/20,AQS,60379033,1,0.6,ppm,7,Lancaster-Division Street,24,100,42101,Carbon monoxide,31080,"Los Angeles-Long Beach-Anaheim, CA",6,California,37,Los Angeles,34.669739,-118.130511
2/15/20,AQS,60379033,1,0.5,ppm,6,Lancaster-Division Street,24,100,42101,Carbon monoxide,31080,"Los Angeles-Long Beach-Anaheim, CA",6,California,37,Los Angeles,34.669739,-118.130511
2/16/20,AQS,60379033,1,0.3,ppm,3,Lancaster-Division Street,24,100,42101,Carbon monoxide,31080,"Los Angeles-Long Beach-Anaheim, CA",6,California,37,Los Angeles,34.669739,-118.130511
2/17/20,AQS,60379033,1,0.3,ppm,3,Lancaster-Division Street,24,100,42101,Carbon monoxide,31080,"Los Angeles-Long Beach-Anaheim, CA",6,California,37,Los Angeles,34.669739,-118.130511
2/18/20,AQS,60379033,1,0.5,ppm,6,Lancaster-Division Street,24,100,42101,Carbon monoxide,31080,"Los Angeles-Long Beach-Anaheim, CA",6,California,37,Los Angeles,34.669739,-118.130511
2/19/20,AQS,60379033,1,0.5,ppm,6,Lancaster-Division Street,24,100,42101,Carbon monoxide,31080,"Los Angeles-Long Beach-Anaheim, CA",6,California,37,Los Angeles,34.669739,-118.130511
2/20/20,AQS,60379033,1,0.5,ppm,6,Lancaster-Division Street,24,100,42101,Carbon monoxide,31080,"Los Angeles-Long Beach-Anaheim, CA",6,California,37,Los Angeles,34.669739,-118.130511
2/21/20,AQS,60379033,1,0.4,ppm,5,Lancaster-Division Street,24,100,42101,Carbon monoxide,31080,"Los Angeles-Long Beach-Anaheim, CA",6,California,37,Los Angeles,34.669739,-118.130511
2/22/20,AQS,60379033,1,0.3,ppm,3,Lancaster-Division Street,24,100,42101,Carbon monoxide,31080,"Los Angeles-Long Beach-Anaheim, CA",6,California,37,Los Angeles,34.669739,-118.130511
2/23/20,AQS,60379033,1,0.2,ppm,2,Lancaster-Division Street,24,100,42101,Carbon monoxide,31080,"Los Angeles-Long Beach-Anaheim, CA",6,California,37,Los Angeles,34.669739,-118.130511
2/24/20,AQS,60379033,1,0.3,ppm,3,Lancaster-Division Street,24,100,42101,Carbon monoxide,31080,"Los Angeles-Long Beach-Anaheim, CA",6,California,37,Los Angeles,34.669739,-118.130511
2/25/20,AQS,60379033,1,0.3,ppm,3,Lancaster-Division Street,24,100,42101,Carbon monoxide,31080,"Los Angeles-Long Beach-Anaheim, CA",6,California,37,Los Angeles,34.669739,-118.130511
2/26/20,AQS,60379033,1,0.3,ppm,3,Lancaster-Division Street,24,100,42101,Carbon monoxide,31080,"Los Angeles-Long Beach-Anaheim, CA",6,California,37,Los Angeles,34.669739,-118.130511
2/27/20,AQS,60379033,1,0.6,ppm,7,Lancaster-Division Street,24,100,42101,Carbon monoxide,31080,"Los Angeles-Long Beach-Anaheim, CA",6,California,37,Los Angeles,34.669739,-118.130511
2/28/20,AQS,60379033,1,0.7,ppm,8,Lancaster-Division Street,24,100,42101,Carbon monoxide,31080,"Los Angeles-Long Beach-Anaheim, CA",6,California,37,Los Angeles,34.669739,-118.130511
2/29/20,AQS,60379033,1,0.4,ppm,5,Lancaster-Division Street,24,100,42101,Carbon monoxide,31080,"Los Angeles-Long Beach-Anaheim, CA",6,California,37,Los Angeles,34.669739,-118.130511
3/1/20,AQS,60379033,1,0.3,ppm,3,Lancaster-Division Street,24,100,42101,Carbon monoxide,31080,"Los Angeles-Long Beach-Anaheim, CA",6,California,37,Los Angeles,34.669739,-118.130511
3/2/20,AQS,60379033,1,0.2,ppm,2,Lancaster-Division Street,24,100,42101,Carbon monoxide,31080,"Los Angeles-Long Beach-Anaheim, CA",6,California,37,Los Angeles,34.669739,-118.130511
3/3/20,AQS,60379033,1,0.3,ppm,3,Lancaster-Division Street,24,100,42101,Carbon monoxide,31080,"Los Angeles-Long Beach-Anaheim, CA",6,California,37,Los Angeles,34.669739,-118.130511
3/4/20,AQS,60379033,1,0.4,ppm,5,Lancaster-Division Street,24,100,42101,Carbon monoxide,31080,"Los Angeles-Long Beach-Anaheim, CA",6,California,37,Los Angeles,34.669739,-118.130511
3/5/20,AQS,60379033,1,0.5,ppm,6,Lancaster-Division Street,24,100,42101,Carbon monoxide,31080,"Los Angeles-Long Beach-Anaheim, CA",6,California,37,Los Angeles,34.669739,-118.130511
3/6/20,AQS,60379033,1,0.4,ppm,5,Lancaster-Division Street,24,100,42101,Carbon monoxide,31080,"Los Angeles-Long Beach-Anaheim, CA",6,California,37,Los Angeles,34.669739,-118.130511
3/7/20,AQS,60379033,1,0.3,ppm,3,Lancaster-Division Street,24,100,42101,Carbon monoxide,31080,"Los Angeles-Long Beach-Anaheim, CA",6,California,37,Los Angeles,34.669739,-118.130511
3/8/20,AQS,60379033,1,0.2,ppm,2,Lancaster-Division Street,24,100,42101,Carbon monoxide,31080,"Los Angeles-Long Beach-Anaheim, CA",6,California,37,Los Angeles,34.669739,-118.130511
3/9/20,AQS,60379033,1,0.3,ppm,3,Lancaster-Division Street,24,100,42101,Carbon monoxide,31080,"Los Angeles-Long Beach-Anaheim, CA",6,California,37,Los Angeles,34.669739,-118.130511
3/10/20,AQS,60379033,1,0.3,ppm,3,Lancaster-Division Street,24,100,42101,Carbon monoxide,31080,"Los Angeles-Long Beach-Anaheim, CA",6,California,37,Los Angeles,34.669739,-118.130511
3/11/20,AQS,60379033,1,0.3,ppm,3,Lancaster-Division Street,24,100,42101,Carbon monoxide,31080,"Los Angeles-Long Beach-Anaheim, CA",6,California,37,Los Angeles,34.669739,-118.130511
3/12/20,AQS,60379033,1,0.4,ppm,5,Lancaster-Division Street,24,100,42101,Carbon monoxide,31080,"Los Angeles-Long Beach-Anaheim, CA",6,California,37,Los Angeles,34.669739,-118.130511
3/13/20,AQS,60379033,1,0.2,ppm,2,Lancaster-Division Street,24,100,42101,Carbon monoxide,31080,"Los Angeles-Long Beach-Anaheim, CA",6,California,37,Los Angeles,34.669739,-118.130511
3/14/20,AQS,60379033,1,0.2,ppm,2,Lancaster-Division Street,24,100,42101,Carbon monoxide,31080,"Los Angeles-Long Beach-Anaheim, CA",6,California,37,Los Angeles,34.669739,-118.130511
3/15/20,AQS,60379033,1,0.2,ppm,2,Lancaster-Division Street,24,100,42101,Carbon monoxide,31080,"Los Angeles-Long Beach-Anaheim, CA",6,California,37,Los Angeles,34.669739,-118.130511
3/16/20,AQS,60379033,1,0.2,ppm,2,Lancaster-Division Street,24,100,42101,Carbon monoxide,31080,"Los Angeles-Long Beach-Anaheim, CA",6,California,37,Los Angeles,34.669739,-118.130511
3/17/20,AQS,60379033,1,0.2,ppm,2,Lancaster-Division Street,24,100,42101,Carbon monoxide,31080,"Los Angeles-Long Beach-Anaheim, CA",6,California,37,Los Angeles,34.669739,-118.130511
3/18/20,AQS,60379033,1,0.3,ppm,3,Lancaster-Division Street,24,100,42101,Carbon monoxide,31080,"Los Angeles-Long Beach-Anaheim, CA",6,California,37,Los Angeles,34.669739,-118.130511
3/19/20,AQS,60379033,1,0.2,ppm,2,Lancaster-Division Street,24,100,42101,Carbon monoxide,31080,"Los Angeles-Long Beach-Anaheim, CA",6,California,37,Los Angeles,34.669739,-118.130511
3/20/20,AQS,60379033,1,0.3,ppm,3,Lancaster-Division Street,24,100,42101,Carbon monoxide,31080,"Los Angeles-Long Beach-Anaheim, CA",6,California,37,Los Angeles,34.669739,-118.130511
3/21/20,AQS,60379033,1,0.2,ppm,2,Lancaster-Division Street,24,100,42101,Carbon monoxide,31080,"Los Angeles-Long Beach-Anaheim, CA",6,California,37,Los Angeles,34.669739,-118.130511
3/22/20,AQS,60379033,1,0.3,ppm,3,Lancaster-Division Street,24,100,42101,Carbon monoxide,31080,"Los Angeles-Long Beach-Anaheim, CA",6,California,37,Los Angeles,34.669739,-118.130511
3/23/20,AQS,60379033,1,0.2,ppm,2,Lancaster-Division Street,24,100,42101,Carbon monoxide,31080,"Los Angeles-Long Beach-Anaheim, CA",6,California,37,Los Angeles,34.669739,-118.130511
3/24/20,AQS,60379033,1,0.2,ppm,2,Lancaster-Division Street,16,67,42101,Carbon monoxide,31080,"Los Angeles-Long Beach-Anaheim, CA",6,California,37,Los Angeles,34.669739,-118.130511
3/25/20,AQS,60379033,1,0.2,ppm,2,Lancaster-Division Street,24,100,42101,Carbon monoxide,31080,"Los Angeles-Long Beach-Anaheim, CA",6,California,37,Los Angeles,34.669739,-118.130511
3/26/20,AQS,60379033,1,0.1,ppm,1,Lancaster-Division Street,24,100,42101,Carbon monoxide,31080,"Los Angeles-Long Beach-Anaheim, CA",6,California,37,Los Angeles,34.669739,-118.130511
3/27/20,AQS,60379033,1,0.1,ppm,1,Lancaster-Division Street,24,100,42101,Carbon monoxide,31080,"Los Angeles-Long Beach-Anaheim, CA",6,California,37,Los Angeles,34.669739,-118.130511
3/28/20,AQS,60379033,1,0.2,ppm,2,Lancaster-Division Street,24,100,42101,Carbon monoxide,31080,"Los Angeles-Long Beach-Anaheim, CA",6,California,37,Los Angeles,34.669739,-118.130511
3/29/20,AQS,60379033,1,0.2,ppm,2,Lancaster-Division Street,24,100,42101,Carbon monoxide,31080,"Los Angeles-Long Beach-Anaheim, CA",6,California,37,Los Angeles,34.669739,-118.130511
3/30/20,AQS,60379033,1,0.3,ppm,3,Lancaster-Division Street,24,100,42101,Carbon monoxide,31080,"Los Angeles-Long Beach-Anaheim, CA",6,California,37,Los Angeles,34.669739,-118.130511
3/31/20,AQS,60379033,1,0.3,ppm,3,Lancaster-Division Street,24,100,42101,Carbon monoxide,31080,"Los Angeles-Long Beach-Anaheim, CA",6,California,37,Los Angeles,34.669739,-118.130511
4/1/20,AQS,60379033,1,0.1,ppm,1,Lancaster-Division Street,1,4,42101,Carbon monoxide,31080,"Los Angeles-Long Beach-Anaheim, CA",6,California,37,Los Angeles,34.669739,-118.130511
1/1/20,AQS,60531003,1,0.6,ppm,7,Salinas 3,19,79,42101,Carbon monoxide,41500,"Salinas, CA",6,California,53,Monterey,36.694261,-121.623271
1/2/20,AQS,60531003,1,0.5,ppm,6,Salinas 3,24,100,42101,Carbon monoxide,41500,"Salinas, CA",6,California,53,Monterey,36.694261,-121.623271
1/3/20,AQS,60531003,1,0.3,ppm,3,Salinas 3,24,100,42101,Carbon monoxide,41500,"Salinas, CA",6,California,53,Monterey,36.694261,-121.623271
1/4/20,AQS,60531003,1,0.4,ppm,5,Salinas 3,24,100,42101,Carbon monoxide,41500,"Salinas, CA",6,California,53,Monterey,36.694261,-121.623271
1/5/20,AQS,60531003,1,0.4,ppm,5,Salinas 3,24,100,42101,Carbon monoxide,41500,"Salinas, CA",6,California,53,Monterey,36.694261,-121.623271
1/6/20,AQS,60531003,1,0.4,ppm,5,Salinas 3,24,100,42101,Carbon monoxide,41500,"Salinas, CA",6,California,53,Monterey,36.694261,-121.623271
1/7/20,AQS,60531003,1,0.2,ppm,2,Salinas 3,24,100,42101,Carbon monoxide,41500,"Salinas, CA",6,California,53,Monterey,36.694261,-121.623271
1/8/20,AQS,60531003,1,0.3,ppm,3,Salinas 3,24,100,42101,Carbon monoxide,41500,"Salinas, CA",6,California,53,Monterey,36.694261,-121.623271
1/9/20,AQS,60531003,1,0.2,ppm,2,Salinas 3,24,100,42101,Carbon monoxide,41500,"Salinas, CA",6,California,53,Monterey,36.694261,-121.623271
1/10/20,AQS,60531003,1,0.3,ppm,3,Salinas 3,24,100,42101,Carbon monoxide,41500,"Salinas, CA",6,California,53,Monterey,36.694261,-121.623271
1/11/20,AQS,60531003,1,0.3,ppm,3,Salinas 3,24,100,42101,Carbon monoxide,41500,"Salinas, CA",6,California,53,Monterey,36.694261,-121.623271
1/12/20,AQS,60531003,1,0.3,ppm,3,Salinas 3,24,100,42101,Carbon monoxide,41500,"Salinas, CA",6,California,53,Monterey,36.694261,-121.623271
1/13/20,AQS,60531003,1,0.3,ppm,3,Salinas 3,24,100,42101,Carbon monoxide,41500,"Salinas, CA",6,California,53,Monterey,36.694261,-121.623271
1/14/20,AQS,60531003,1,0.3,ppm,3,Salinas 3,24,100,42101,Carbon monoxide,41500,"Salinas, CA",6,California,53,Monterey,36.694261,-121.623271
1/15/20,AQS,60531003,1,0.3,ppm,3,Salinas 3,24,100,42101,Carbon monoxide,41500,"Salinas, CA",6,California,53,Monterey,36.694261,-121.623271
1/16/20,AQS,60531003,1,0.3,ppm,3,Salinas 3,24,100,42101,Carbon monoxide,41500,"Salinas, CA",6,California,53,Monterey,36.694261,-121.623271
1/17/20,AQS,60531003,1,0.3,ppm,3,Salinas 3,24,100,42101,Carbon monoxide,41500,"Salinas, CA",6,California,53,Monterey,36.694261,-121.623271
1/18/20,AQS,60531003,1,0.3,ppm,3,Salinas 3,24,100,42101,Carbon monoxide,41500,"Salinas, CA",6,California,53,Monterey,36.694261,-121.623271
1/19/20,AQS,60531003,1,0.4,ppm,5,Salinas 3,24,100,42101,Carbon monoxide,41500,"Salinas, CA",6,California,53,Monterey,36.694261,-121.623271
1/20/20,AQS,60531003,1,0.4,ppm,5,Salinas 3,24,100,42101,Carbon monoxide,41500,"Salinas, CA",6,California,53,Monterey,36.694261,-121.623271
1/21/20,AQS,60531003,1,0.3,ppm,3,Salinas 3,24,100,42101,Carbon monoxide,41500,"Salinas, CA",6,California,53,Monterey,36.694261,-121.623271
1/22/20,AQS,60531003,1,0.3,ppm,3,Salinas 3,24,100,42101,Carbon monoxide,41500,"Salinas, CA",6,California,53,Monterey,36.694261,-121.623271
1/23/20,AQS,60531003,1,0.4,ppm,5,Salinas 3,24,100,42101,Carbon monoxide,41500,"Salinas, CA",6,California,53,Monterey,36.694261,-121.623271
1/24/20,AQS,60531003,1,0.4,ppm,5,Salinas 3,24,100,42101,Carbon monoxide,41500,"Salinas, CA",6,California,53,Monterey,36.694261,-121.623271
1/25/20,AQS,60531003,1,0.3,ppm,3,Salinas 3,24,100,42101,Carbon monoxide,41500,"Salinas, CA",6,California,53,Monterey,36.694261,-121.623271
1/26/20,AQS,60531003,1,0.3,ppm,3,Salinas 3,24,100,42101,Carbon monoxide,41500,"Salinas, CA",6,California,53,Monterey,36.694261,-121.623271
1/27/20,AQS,60531003,1,0.4,ppm,5,Salinas 3,24,100,42101,Carbon monoxide,41500,"Salinas, CA",6,California,53,Monterey,36.694261,-121.623271
1/28/20,AQS,60531003,1,0.4,ppm,5,Salinas 3,24,100,42101,Carbon monoxide,41500,"Salinas, CA",6,California,53,Monterey,36.694261,-121.623271
1/29/20,AQS,60531003,1,0.6,ppm,7,Salinas 3,24,100,42101,Carbon monoxide,41500,"Salinas, CA",6,California,53,Monterey,36.694261,-121.623271
1/30/20,AQS,60531003,1,0.5,ppm,6,Salinas 3,24,100,42101,Carbon monoxide,41500,"Salinas, CA",6,California,53,Monterey,36.694261,-121.623271
1/31/20,AQS,60531003,1,0.4,ppm,5,Salinas 3,24,100,42101,Carbon monoxide,41500,"Salinas, CA",6,California,53,Monterey,36.694261,-121.623271
2/1/20,AQS,60531003,1,0.4,ppm,5,Salinas 3,24,100,42101,Carbon monoxide,41500,"Salinas, CA",6,California,53,Monterey,36.694261,-121.623271
2/2/20,AQS,60531003,1,0.3,ppm,3,Salinas 3,24,100,42101,Carbon monoxide,41500,"Salinas, CA",6,California,53,Monterey,36.694261,-121.623271
2/3/20,AQS,60531003,1,0.4,ppm,5,Salinas 3,24,100,42101,Carbon monoxide,41500,"Salinas, CA",6,California,53,Monterey,36.694261,-121.623271
2/4/20,AQS,60531003,1,0.4,ppm,5,Salinas 3,24,100,42101,Carbon monoxide,41500,"Salinas, CA",6,California,53,Monterey,36.694261,-121.623271
2/5/20,AQS,60531003,1,0.3,ppm,3,Salinas 3,24,100,42101,Carbon monoxide,41500,"Salinas, CA",6,California,53,Monterey,36.694261,-121.623271
2/6/20,AQS,60531003,1,0.4,ppm,5,Salinas 3,24,100,42101,Carbon monoxide,41500,"Salinas, CA",6,California,53,Monterey,36.694261,-121.623271
2/7/20,AQS,60531003,1,0.4,ppm,5,Salinas 3,24,100,42101,Carbon monoxide,41500,"Salinas, CA",6,California,53,Monterey,36.694261,-121.623271
2/8/20,AQS,60531003,1,0.4,ppm,5,Salinas 3,24,100,42101,Carbon monoxide,41500,"Salinas, CA",6,California,53,Monterey,36.694261,-121.623271
2/9/20,AQS,60531003,1,0.4,ppm,5,Salinas 3,24,100,42101,Carbon monoxide,41500,"Salinas, CA",6,California,53,Monterey,36.694261,-121.623271
2/10/20,AQS,60531003,1,0.4,ppm,5,Salinas 3,24,100,42101,Carbon monoxide,41500,"Salinas, CA",6,California,53,Monterey,36.694261,-121.623271
2/11/20,AQS,60531003,1,0.4,ppm,5,Salinas 3,24,100,42101,Carbon monoxide,41500,"Salinas, CA",6,California,53,Monterey,36.694261,-121.623271
2/12/20,AQS,60531003,1,0.4,ppm,5,Salinas 3,24,100,42101,Carbon monoxide,41500,"Salinas, CA",6,California,53,Monterey,36.694261,-121.623271
2/13/20,AQS,60531003,1,0.3,ppm,3,Salinas 3,24,100,42101,Carbon monoxide,41500,"Salinas, CA",6,California,53,Monterey,36.694261,-121.623271
2/14/20,AQS,60531003,1,0.4,ppm,5,Salinas 3,24,100,42101,Carbon monoxide,41500,"Salinas, CA",6,California,53,Monterey,36.694261,-121.623271
2/15/20,AQS,60531003,1,0.4,ppm,5,Salinas 3,24,100,42101,Carbon monoxide,41500,"Salinas, CA",6,California,53,Monterey,36.694261,-121.623271
2/16/20,AQS,60531003,1,0.4,ppm,5,Salinas 3,24,100,42101,Carbon monoxide,41500,"Salinas, CA",6,California,53,Monterey,36.694261,-121.623271
2/17/20,AQS,60531003,1,0.4,ppm,5,Salinas 3,24,100,42101,Carbon monoxide,41500,"Salinas, CA",6,California,53,Monterey,36.694261,-121.623271
2/18/20,AQS,60531003,1,0.4,ppm,5,Salinas 3,24,100,42101,Carbon monoxide,41500,"Salinas, CA",6,California,53,Monterey,36.694261,-121.623271
2/19/20,AQS,60531003,1,0.4,ppm,5,Salinas 3,24,100,42101,Carbon monoxide,41500,"Salinas, CA",6,California,53,Monterey,36.694261,-121.623271
2/20/20,AQS,60531003,1,0.4,ppm,5,Salinas 3,24,100,42101,Carbon monoxide,41500,"Salinas, CA",6,California,53,Monterey,36.694261,-121.623271
2/21/20,AQS,60531003,1,0.4,ppm,5,Salinas 3,24,100,42101,Carbon monoxide,41500,"Salinas, CA",6,California,53,Monterey,36.694261,-121.623271
2/22/20,AQS,60531003,1,0.4,ppm,5,Salinas 3,24,100,42101,Carbon monoxide,41500,"Salinas, CA",6,California,53,Monterey,36.694261,-121.623271
2/23/20,AQS,60531003,1,0.3,ppm,3,Salinas 3,24,100,42101,Carbon monoxide,41500,"Salinas, CA",6,California,53,Monterey,36.694261,-121.623271
2/24/20,AQS,60531003,1,0.4,ppm,5,Salinas 3,24,100,42101,Carbon monoxide,41500,"Salinas, CA",6,California,53,Monterey,36.694261,-121.623271
2/25/20,AQS,60531003,1,0.4,ppm,5,Salinas 3,24,100,42101,Carbon monoxide,41500,"Salinas, CA",6,California,53,Monterey,36.694261,-121.623271
2/26/20,AQS,60531003,1,0.4,ppm,5,Salinas 3,24,100,42101,Carbon monoxide,41500,"Salinas, CA",6,California,53,Monterey,36.694261,-121.623271
2/27/20,AQS,60531003,1,0.4,ppm,5,Salinas 3,24,100,42101,Carbon monoxide,41500,"Salinas, CA",6,California,53,Monterey,36.694261,-121.623271
2/28/20,AQS,60531003,1,0.4,ppm,5,Salinas 3,24,100,42101,Carbon monoxide,41500,"Salinas, CA",6,California,53,Monterey,36.694261,-121.623271
2/29/20,AQS,60531003,1,0.3,ppm,3,Salinas 3,24,100,42101,Carbon monoxide,41500,"Salinas, CA",6,California,53,Monterey,36.694261,-121.623271
3/1/20,AQS,60531003,1,0.3,ppm,3,Salinas 3,24,100,42101,Carbon monoxide,41500,"Salinas, CA",6,California,53,Monterey,36.694261,-121.623271
3/2/20,AQS,60531003,1,0.5,ppm,6,Salinas 3,24,100,42101,Carbon monoxide,41500,"Salinas, CA",6,California,53,Monterey,36.694261,-121.623271
3/3/20,AQS,60531003,1,0.4,ppm,5,Salinas 3,24,100,42101,Carbon monoxide,41500,"Salinas, CA",6,California,53,Monterey,36.694261,-121.623271
3/4/20,AQS,60531003,1,0.4,ppm,5,Salinas 3,24,100,42101,Carbon monoxide,41500,"Salinas, CA",6,California,53,Monterey,36.694261,-121.623271
3/5/20,AQS,60531003,1,0.3,ppm,3,Salinas 3,24,100,42101,Carbon monoxide,41500,"Salinas, CA",6,California,53,Monterey,36.694261,-121.623271
3/6/20,AQS,60531003,1,0.1,ppm,1,Salinas 3,24,100,42101,Carbon monoxide,41500,"Salinas, CA",6,California,53,Monterey,36.694261,-121.623271
3/7/20,AQS,60531003,1,0.1,ppm,1,Salinas 3,24,100,42101,Carbon monoxide,41500,"Salinas, CA",6,California,53,Monterey,36.694261,-121.623271
3/8/20,AQS,60531003,1,0.1,ppm,1,Salinas 3,24,100,42101,Carbon monoxide,41500,"Salinas, CA",6,California,53,Monterey,36.694261,-121.623271
3/9/20,AQS,60531003,1,0.2,ppm,2,Salinas 3,24,100,42101,Carbon monoxide,41500,"Salinas, CA",6,California,53,Monterey,36.694261,-121.623271
3/10/20,AQS,60531003,1,0.3,ppm,3,Salinas 3,24,100,42101,Carbon monoxide,41500,"Salinas, CA",6,California,53,Monterey,36.694261,-121.623271
3/11/20,AQS,60531003,1,0.2,ppm,2,Salinas 3,24,100,42101,Carbon monoxide,41500,"Salinas, CA",6,California,53,Monterey,36.694261,-121.623271
3/12/20,AQS,60531003,1,0.3,ppm,3,Salinas 3,24,100,42101,Carbon monoxide,41500,"Salinas, CA",6,California,53,Monterey,36.694261,-121.623271
3/13/20,AQS,60531003,1,0.2,ppm,2,Salinas 3,24,100,42101,Carbon monoxide,41500,"Salinas, CA",6,California,53,Monterey,36.694261,-121.623271
3/14/20,AQS,60531003,1,0.1,ppm,1,Salinas 3,24,100,42101,Carbon monoxide,41500,"Salinas, CA",6,California,53,Monterey,36.694261,-121.623271
3/15/20,AQS,60531003,1,0.1,ppm,1,Salinas 3,24,100,42101,Carbon monoxide,41500,"Salinas, CA",6,California,53,Monterey,36.694261,-121.623271
3/16/20,AQS,60531003,1,0.1,ppm,1,Salinas 3,24,100,42101,Carbon monoxide,41500,"Salinas, CA",6,California,53,Monterey,36.694261,-121.623271
3/17/20,AQS,60531003,1,0.2,ppm,2,Salinas 3,24,100,42101,Carbon monoxide,41500,"Salinas, CA",6,California,53,Monterey,36.694261,-121.623271
3/18/20,AQS,60531003,1,0.2,ppm,2,Salinas 3,24,100,42101,Carbon monoxide,41500,"Salinas, CA",6,California,53,Monterey,36.694261,-121.623271
3/19/20,AQS,60531003,1,0.2,ppm,2,Salinas 3,24,100,42101,Carbon monoxide,41500,"Salinas, CA",6,California,53,Monterey,36.694261,-121.623271
3/20/20,AQS,60531003,1,0.2,ppm,2,Salinas 3,24,100,42101,Carbon monoxide,41500,"Salinas, CA",6,California,53,Monterey,36.694261,-121.623271
3/21/20,AQS,60531003,1,0.2,ppm,2,Salinas 3,24,100,42101,Carbon monoxide,41500,"Salinas, CA",6,California,53,Monterey,36.694261,-121.623271
3/22/20,AQS,60531003,1,0.2,ppm,2,Salinas 3,24,100,42101,Carbon monoxide,41500,"Salinas, CA",6,California,53,Monterey,36.694261,-121.623271
3/23/20,AQS,60531003,1,0.2,ppm,2,Salinas 3,24,100,42101,Carbon monoxide,41500,"Salinas, CA",6,California,53,Monterey,36.694261,-121.623271
3/24/20,AQS,60531003,1,0.2,ppm,2,Salinas 3,24,100,42101,Carbon monoxide,41500,"Salinas, CA",6,California,53,Monterey,36.694261,-121.623271
3/25/20,AQS,60531003,1,0.2,ppm,2,Salinas 3,24,100,42101,Carbon monoxide,41500,"Salinas, CA",6,California,53,Monterey,36.694261,-121.623271
3/26/20,AQS,60531003,1,0.2,ppm,2,Salinas 3,24,100,42101,Carbon monoxide,41500,"Salinas, CA",6,California,53,Monterey,36.694261,-121.623271
3/27/20,AQS,60531003,1,0.3,ppm,3,Salinas 3,24,100,42101,Carbon monoxide,41500,"Salinas, CA",6,California,53,Monterey,36.694261,-121.623271
3/28/20,AQS,60531003,1,0.2,ppm,2,Salinas 3,24,100,42101,Carbon monoxide,41500,"Salinas, CA",6,California,53,Monterey,36.694261,-121.623271
3/29/20,AQS,60531003,1,0.2,ppm,2,Salinas 3,24,100,42101,Carbon monoxide,41500,"Salinas, CA",6,California,53,Monterey,36.694261,-121.623271
3/30/20,AQS,60531003,1,0.2,ppm,2,Salinas 3,24,100,42101,Carbon monoxide,41500,"Salinas, CA",6,California,53,Monterey,36.694261,-121.623271
3/31/20,AQS,60531003,1,0.2,ppm,2,Salinas 3,24,100,42101,Carbon monoxide,41500,"Salinas, CA",6,California,53,Monterey,36.694261,-121.623271
4/1/20,AQS,60531003,1,0.2,ppm,2,Salinas 3,1,4,42101,Carbon monoxide,41500,"Salinas, CA",6,California,53,Monterey,36.694261,-121.623271
1/1/20,AQS,60670006,1,0.5,ppm,6,Sacramento-Del Paso Manor,19,79,42101,Carbon monoxide,40900,"Sacramento--Roseville--Arden-Arcade, CA",6,California,67,Sacramento,38.613779,-121.368014
1/2/20,AQS,60670006,1,0.5,ppm,6,Sacramento-Del Paso Manor,24,100,42101,Carbon monoxide,40900,"Sacramento--Roseville--Arden-Arcade, CA",6,California,67,Sacramento,38.613779,-121.368014
1/3/20,AQS,60670006,1,0.8,ppm,9,Sacramento-Del Paso Manor,24,100,42101,Carbon monoxide,40900,"Sacramento--Roseville--Arden-Arcade, CA",6,California,67,Sacramento,38.613779,-121.368014
1/4/20,AQS,60670006,1,0.8,ppm,9,Sacramento-Del Paso Manor,24,100,42101,Carbon monoxide,40900,"Sacramento--Roseville--Arden-Arcade, CA",6,California,67,Sacramento,38.613779,-121.368014
1/5/20,AQS,60670006,1,0.7,ppm,8,Sacramento-Del Paso Manor,24,100,42101,Carbon monoxide,40900,"Sacramento--Roseville--Arden-Arcade, CA",6,California,67,Sacramento,38.613779,-121.368014
1/6/20,AQS,60670006,1,0.5,ppm,6,Sacramento-Del Paso Manor,24,100,42101,Carbon monoxide,40900,"Sacramento--Roseville--Arden-Arcade, CA",6,California,67,Sacramento,38.613779,-121.368014
1/7/20,AQS,60670006,1,0.9,ppm,10,Sacramento-Del Paso Manor,24,100,42101,Carbon monoxide,40900,"Sacramento--Roseville--Arden-Arcade, CA",6,California,67,Sacramento,38.613779,-121.368014
1/8/20,AQS,60670006,1,0.3,ppm,3,Sacramento-Del Paso Manor,24,100,42101,Carbon monoxide,40900,"Sacramento--Roseville--Arden-Arcade, CA",6,California,67,Sacramento,38.613779,-121.368014
1/9/20,AQS,60670006,1,0.4,ppm,5,Sacramento-Del Paso Manor,24,100,42101,Carbon monoxide,40900,"Sacramento--Roseville--Arden-Arcade, CA",6,California,67,Sacramento,38.613779,-121.368014
1/10/20,AQS,60670006,1,0.5,ppm,6,Sacramento-Del Paso Manor,24,100,42101,Carbon monoxide,40900,"Sacramento--Roseville--Arden-Arcade, CA",6,California,67,Sacramento,38.613779,-121.368014
1/11/20,AQS,60670006,1,0.8,ppm,9,Sacramento-Del Paso Manor,24,100,42101,Carbon monoxide,40900,"Sacramento--Roseville--Arden-Arcade, CA",6,California,67,Sacramento,38.613779,-121.368014
1/12/20,AQS,60670006,1,1.2,ppm,14,Sacramento-Del Paso Manor,24,100,42101,Carbon monoxide,40900,"Sacramento--Roseville--Arden-Arcade, CA",6,California,67,Sacramento,38.613779,-121.368014
1/13/20,AQS,60670006,1,0.2,ppm,2,Sacramento-Del Paso Manor,24,100,42101,Carbon monoxide,40900,"Sacramento--Roseville--Arden-Arcade, CA",6,California,67,Sacramento,38.613779,-121.368014
1/14/20,AQS,60670006,1,0.3,ppm,3,Sacramento-Del Paso Manor,24,100,42101,Carbon monoxide,40900,"Sacramento--Roseville--Arden-Arcade, CA",6,California,67,Sacramento,38.613779,-121.368014
1/15/20,AQS,60670006,1,0.3,ppm,3,Sacramento-Del Paso Manor,24,100,42101,Carbon monoxide,40900,"Sacramento--Roseville--Arden-Arcade, CA",6,California,67,Sacramento,38.613779,-121.368014
1/16/20,AQS,60670006,1,0.3,ppm,3,Sacramento-Del Paso Manor,24,100,42101,Carbon monoxide,40900,"Sacramento--Roseville--Arden-Arcade, CA",6,California,67,Sacramento,38.613779,-121.368014
1/17/20,AQS,60670006,1,0.2,ppm,2,Sacramento-Del Paso Manor,24,100,42101,Carbon monoxide,40900,"Sacramento--Roseville--Arden-Arcade, CA",6,California,67,Sacramento,38.613779,-121.368014
1/18/20,AQS,60670006,1,0.5,ppm,6,Sacramento-Del Paso Manor,24,100,42101,Carbon monoxide,40900,"Sacramento--Roseville--Arden-Arcade, CA",6,California,67,Sacramento,38.613779,-121.368014
1/19/20,AQS,60670006,1,0.5,ppm,6,Sacramento-Del Paso Manor,24,100,42101,Carbon monoxide,40900,"Sacramento--Roseville--Arden-Arcade, CA",6,California,67,Sacramento,38.613779,-121.368014
1/20/20,AQS,60670006,1,0.6,ppm,7,Sacramento-Del Paso Manor,24,100,42101,Carbon monoxide,40900,"Sacramento--Roseville--Arden-Arcade, CA",6,California,67,Sacramento,38.613779,-121.368014
1/21/20,AQS,60670006,1,0.4,ppm,5,Sacramento-Del Paso Manor,24,100,42101,Carbon monoxide,40900,"Sacramento--Roseville--Arden-Arcade, CA",6,California,67,Sacramento,38.613779,-121.368014
1/22/20,AQS,60670006,1,0.7,ppm,8,Sacramento-Del Paso Manor,24,100,42101,Carbon monoxide,40900,"Sacramento--Roseville--Arden-Arcade, CA",6,California,67,Sacramento,38.613779,-121.368014
1/23/20,AQS,60670006,1,1,ppm,11,Sacramento-Del Paso Manor,24,100,42101,Carbon monoxide,40900,"Sacramento--Roseville--Arden-Arcade, CA",6,California,67,Sacramento,38.613779,-121.368014
1/24/20,AQS,60670006,1,0.6,ppm,7,Sacramento-Del Paso Manor,24,100,42101,Carbon monoxide,40900,"Sacramento--Roseville--Arden-Arcade, CA",6,California,67,Sacramento,38.613779,-121.368014
1/25/20,AQS,60670006,1,0.3,ppm,3,Sacramento-Del Paso Manor,24,100,42101,Carbon monoxide,40900,"Sacramento--Roseville--Arden-Arcade, CA",6,California,67,Sacramento,38.613779,-121.368014
1/26/20,AQS,60670006,1,0.2,ppm,2,Sacramento-Del Paso Manor,24,100,42101,Carbon monoxide,40900,"Sacramento--Roseville--Arden-Arcade, CA",6,California,67,Sacramento,38.613779,-121.368014
1/27/20,AQS,60670006,1,0.2,ppm,2,Sacramento-Del Paso Manor,24,100,42101,Carbon monoxide,40900,"Sacramento--Roseville--Arden-Arcade, CA",6,California,67,Sacramento,38.613779,-121.368014
1/28/20,AQS,60670006,1,0.5,ppm,6,Sacramento-Del Paso Manor,24,100,42101,Carbon monoxide,40900,"Sacramento--Roseville--Arden-Arcade, CA",6,California,67,Sacramento,38.613779,-121.368014
1/29/20,AQS,60670006,1,0.6,ppm,7,Sacramento-Del Paso Manor,24,100,42101,Carbon monoxide,40900,"Sacramento--Roseville--Arden-Arcade, CA",6,California,67,Sacramento,38.613779,-121.368014
1/30/20,AQS,60670006,1,0.5,ppm,6,Sacramento-Del Paso Manor,24,100,42101,Carbon monoxide,40900,"Sacramento--Roseville--Arden-Arcade, CA",6,California,67,Sacramento,38.613779,-121.368014
1/31/20,AQS,60670006,1,0.7,ppm,8,Sacramento-Del Paso Manor,24,100,42101,Carbon monoxide,40900,"Sacramento--Roseville--Arden-Arcade, CA",6,California,67,Sacramento,38.613779,-121.368014
2/1/20,AQS,60670006,1,0.9,ppm,10,Sacramento-Del Paso Manor,2,8,42101,Carbon monoxide,40900,"Sacramento--Roseville--Arden-Arcade, CA",6,California,67,Sacramento,38.613779,-121.368014
1/1/20,AQS,60670015,1,0.5,ppm,6,Sacramento-Bercut Drive,18,75,42101,Carbon monoxide,40900,"Sacramento--Roseville--Arden-Arcade, CA",6,California,67,Sacramento,38.593322,-121.503795
1/2/20,AQS,60670015,1,0.5,ppm,6,Sacramento-Bercut Drive,24,100,42101,Carbon monoxide,40900,"Sacramento--Roseville--Arden-Arcade, CA",6,California,67,Sacramento,38.593322,-121.503795
1/3/20,AQS,60670015,1,0.7,ppm,8,Sacramento-Bercut Drive,24,100,42101,Carbon monoxide,40900,"Sacramento--Roseville--Arden-Arcade, CA",6,California,67,Sacramento,38.593322,-121.503795
1/4/20,AQS,60670015,1,0.6,ppm,7,Sacramento-Bercut Drive,24,100,42101,Carbon monoxide,40900,"Sacramento--Roseville--Arden-Arcade, CA",6,California,67,Sacramento,38.593322,-121.503795
1/5/20,AQS,60670015,1,0.6,ppm,7,Sacramento-Bercut Drive,24,100,42101,Carbon monoxide,40900,"Sacramento--Roseville--Arden-Arcade, CA",6,California,67,Sacramento,38.593322,-121.503795
1/6/20,AQS,60670015,1,0.5,ppm,6,Sacramento-Bercut Drive,24,100,42101,Carbon monoxide,40900,"Sacramento--Roseville--Arden-Arcade, CA",6,California,67,Sacramento,38.593322,-121.503795
1/7/20,AQS,60670015,1,0.6,ppm,7,Sacramento-Bercut Drive,24,100,42101,Carbon monoxide,40900,"Sacramento--Roseville--Arden-Arcade, CA",6,California,67,Sacramento,38.593322,-121.503795
1/8/20,AQS,60670015,1,0.4,ppm,5,Sacramento-Bercut Drive,24,100,42101,Carbon monoxide,40900,"Sacramento--Roseville--Arden-Arcade, CA",6,California,67,Sacramento,38.593322,-121.503795
1/9/20,AQS,60670015,1,0.4,ppm,5,Sacramento-Bercut Drive,24,100,42101,Carbon monoxide,40900,"Sacramento--Roseville--Arden-Arcade, CA",6,California,67,Sacramento,38.593322,-121.503795
1/10/20,AQS,60670015,1,0.4,ppm,5,Sacramento-Bercut Drive,24,100,42101,Carbon monoxide,40900,"Sacramento--Roseville--Arden-Arcade, CA",6,California,67,Sacramento,38.593322,-121.503795
1/11/20,AQS,60670015,1,0.6,ppm,7,Sacramento-Bercut Drive,24,100,42101,Carbon monoxide,40900,"Sacramento--Roseville--Arden-Arcade, CA",6,California,67,Sacramento,38.593322,-121.503795
1/12/20,AQS,60670015,1,0.9,ppm,10,Sacramento-Bercut Drive,24,100,42101,Carbon monoxide,40900,"Sacramento--Roseville--Arden-Arcade, CA",6,California,67,Sacramento,38.593322,-121.503795
1/13/20,AQS,60670015,1,0.2,ppm,2,Sacramento-Bercut Drive,24,100,42101,Carbon monoxide,40900,"Sacramento--Roseville--Arden-Arcade, CA",6,California,67,Sacramento,38.593322,-121.503795
1/14/20,AQS,60670015,1,0.3,ppm,3,Sacramento-Bercut Drive,24,100,42101,Carbon monoxide,40900,"Sacramento--Roseville--Arden-Arcade, CA",6,California,67,Sacramento,38.593322,-121.503795
1/15/20,AQS,60670015,1,0.3,ppm,3,Sacramento-Bercut Drive,24,100,42101,Carbon monoxide,40900,"Sacramento--Roseville--Arden-Arcade, CA",6,California,67,Sacramento,38.593322,-121.503795
1/16/20,AQS,60670015,1,0.3,ppm,3,Sacramento-Bercut Drive,24,100,42101,Carbon monoxide,40900,"Sacramento--Roseville--Arden-Arcade, CA",6,California,67,Sacramento,38.593322,-121.503795
1/17/20,AQS,60670015,1,0.4,ppm,5,Sacramento-Bercut Drive,24,100,42101,Carbon monoxide,40900,"Sacramento--Roseville--Arden-Arcade, CA",6,California,67,Sacramento,38.593322,-121.503795
1/18/20,AQS,60670015,1,0.4,ppm,5,Sacramento-Bercut Drive,24,100,42101,Carbon monoxide,40900,"Sacramento--Roseville--Arden-Arcade, CA",6,California,67,Sacramento,38.593322,-121.503795
1/19/20,AQS,60670015,1,0.5,ppm,6,Sacramento-Bercut Drive,24,100,42101,Carbon monoxide,40900,"Sacramento--Roseville--Arden-Arcade, CA",6,California,67,Sacramento,38.593322,-121.503795
1/20/20,AQS,60670015,1,0.5,ppm,6,Sacramento-Bercut Drive,24,100,42101,Carbon monoxide,40900,"Sacramento--Roseville--Arden-Arcade, CA",6,California,67,Sacramento,38.593322,-121.503795
1/21/20,AQS,60670015,1,0.3,ppm,3,Sacramento-Bercut Drive,24,100,42101,Carbon monoxide,40900,"Sacramento--Roseville--Arden-Arcade, CA",6,California,67,Sacramento,38.593322,-121.503795
1/22/20,AQS,60670015,1,0.4,ppm,5,Sacramento-Bercut Drive,24,100,42101,Carbon monoxide,40900,"Sacramento--Roseville--Arden-Arcade, CA",6,California,67,Sacramento,38.593322,-121.503795
1/23/20,AQS,60670015,1,0.5,ppm,6,Sacramento-Bercut Drive,18,75,42101,Carbon monoxide,40900,"Sacramento--Roseville--Arden-Arcade, CA",6,California,67,Sacramento,38.593322,-121.503795
1/24/20,AQS,60670015,1,0.5,ppm,6,Sacramento-Bercut Drive,24,100,42101,Carbon monoxide,40900,"Sacramento--Roseville--Arden-Arcade, CA",6,California,67,Sacramento,38.593322,-121.503795
1/25/20,AQS,60670015,1,0.4,ppm,5,Sacramento-Bercut Drive,24,100,42101,Carbon monoxide,40900,"Sacramento--Roseville--Arden-Arcade, CA",6,California,67,Sacramento,38.593322,-121.503795
1/26/20,AQS,60670015,1,0.3,ppm,3,Sacramento-Bercut Drive,24,100,42101,Carbon monoxide,40900,"Sacramento--Roseville--Arden-Arcade, CA",6,California,67,Sacramento,38.593322,-121.503795
1/27/20,AQS,60670015,1,0.3,ppm,3,Sacramento-Bercut Drive,24,100,42101,Carbon monoxide,40900,"Sacramento--Roseville--Arden-Arcade, CA",6,California,67,Sacramento,38.593322,-121.503795
1/28/20,AQS,60670015,1,0.3,ppm,3,Sacramento-Bercut Drive,18,75,42101,Carbon monoxide,40900,"Sacramento--Roseville--Arden-Arcade, CA",6,California,67,Sacramento,38.593322,-121.503795
1/29/20,AQS,60670015,1,0.5,ppm,6,Sacramento-Bercut Drive,19,79,42101,Carbon monoxide,40900,"Sacramento--Roseville--Arden-Arcade, CA",6,California,67,Sacramento,38.593322,-121.503795
1/30/20,AQS,60670015,1,0.5,ppm,6,Sacramento-Bercut Drive,24,100,42101,Carbon monoxide,40900,"Sacramento--Roseville--Arden-Arcade, CA",6,California,67,Sacramento,38.593322,-121.503795
1/31/20,AQS,60670015,1,0.4,ppm,5,Sacramento-Bercut Drive,24,100,42101,Carbon monoxide,40900,"Sacramento--Roseville--Arden-Arcade, CA",6,California,67,Sacramento,38.593322,-121.503795
2/1/20,AQS,60670015,1,0.4,ppm,5,Sacramento-Bercut Drive,2,8,42101,Carbon monoxide,40900,"Sacramento--Roseville--Arden-Arcade, CA",6,California,67,Sacramento,38.593322,-121.503795
1/1/20,AQS,60710001,1,0.1,ppm,1,Barstow,19,79,42101,Carbon monoxide,40140,"Riverside-San Bernardino-Ontario, CA",6,California,71,San Bernardino,34.89398,-117.0248039
1/2/20,AQS,60710001,1,0.2,ppm,2,Barstow,24,100,42101,Carbon monoxide,40140,"Riverside-San Bernardino-Ontario, CA",6,California,71,San Bernardino,34.89398,-117.0248039
1/3/20,AQS,60710001,1,0.3,ppm,3,Barstow,24,100,42101,Carbon monoxide,40140,"Riverside-San Bernardino-Ontario, CA",6,California,71,San Bernardino,34.89398,-117.0248039
1/4/20,AQS,60710001,1,0.3,ppm,3,Barstow,24,100,42101,Carbon monoxide,40140,"Riverside-San Bernardino-Ontario, CA",6,California,71,San Bernardino,34.89398,-117.0248039
1/5/20,AQS,60710001,1,0.2,ppm,2,Barstow,24,100,42101,Carbon monoxide,40140,"Riverside-San Bernardino-Ontario, CA",6,California,71,San Bernardino,34.89398,-117.0248039
1/6/20,AQS,60710001,1,0.2,ppm,2,Barstow,24,100,42101,Carbon monoxide,40140,"Riverside-San Bernardino-Ontario, CA",6,California,71,San Bernardino,34.89398,-117.0248039
1/7/20,AQS,60710001,1,0.3,ppm,3,Barstow,24,100,42101,Carbon monoxide,40140,"Riverside-San Bernardino-Ontario, CA",6,California,71,San Bernardino,34.89398,-117.0248039
1/8/20,AQS,60710001,1,0.3,ppm,3,Barstow,24,100,42101,Carbon monoxide,40140,"Riverside-San Bernardino-Ontario, CA",6,California,71,San Bernardino,34.89398,-117.0248039
1/9/20,AQS,60710001,1,0.1,ppm,1,Barstow,24,100,42101,Carbon monoxide,40140,"Riverside-San Bernardino-Ontario, CA",6,California,71,San Bernardino,34.89398,-117.0248039
1/10/20,AQS,60710001,1,0.2,ppm,2,Barstow,24,100,42101,Carbon monoxide,40140,"Riverside-San Bernardino-Ontario, CA",6,California,71,San Bernardino,34.89398,-117.0248039
1/11/20,AQS,60710001,1,0.2,ppm,2,Barstow,24,100,42101,Carbon monoxide,40140,"Riverside-San Bernardino-Ontario, CA",6,California,71,San Bernardino,34.89398,-117.0248039
1/12/20,AQS,60710001,1,0.1,ppm,1,Barstow,24,100,42101,Carbon monoxide,40140,"Riverside-San Bernardino-Ontario, CA",6,California,71,San Bernardino,34.89398,-117.0248039
1/13/20,AQS,60710001,1,0.2,ppm,2,Barstow,24,100,42101,Carbon monoxide,40140,"Riverside-San Bernardino-Ontario, CA",6,California,71,San Bernardino,34.89398,-117.0248039
1/14/20,AQS,60710001,1,0.2,ppm,2,Barstow,24,100,42101,Carbon monoxide,40140,"Riverside-San Bernardino-Ontario, CA",6,California,71,San Bernardino,34.89398,-117.0248039
1/15/20,AQS,60710001,1,0.1,ppm,1,Barstow,24,100,42101,Carbon monoxide,40140,"Riverside-San Bernardino-Ontario, CA",6,California,71,San Bernardino,34.89398,-117.0248039
1/16/20,AQS,60710001,1,0.1,ppm,1,Barstow,24,100,42101,Carbon monoxide,40140,"Riverside-San Bernardino-Ontario, CA",6,California,71,San Bernardino,34.89398,-117.0248039
1/17/20,AQS,60710001,1,0.2,ppm,2,Barstow,24,100,42101,Carbon monoxide,40140,"Riverside-San Bernardino-Ontario, CA",6,California,71,San Bernardino,34.89398,-117.0248039
1/18/20,AQS,60710001,1,0.2,ppm,2,Barstow,24,100,42101,Carbon monoxide,40140,"Riverside-San Bernardino-Ontario, CA",6,California,71,San Bernardino,34.89398,-117.0248039
1/19/20,AQS,60710001,1,0.3,ppm,3,Barstow,24,100,42101,Carbon monoxide,40140,"Riverside-San Bernardino-Ontario, CA",6,California,71,San Bernardino,34.89398,-117.0248039
1/20/20,AQS,60710001,1,0.2,ppm,2,Barstow,24,100,42101,Carbon monoxide,40140,"Riverside-San Bernardino-Ontario, CA",6,California,71,San Bernardino,34.89398,-117.0248039
1/21/20,AQS,60710001,1,0.2,ppm,2,Barstow,24,100,42101,Carbon monoxide,40140,"Riverside-San Bernardino-Ontario, CA",6,California,71,San Bernardino,34.89398,-117.0248039
1/22/20,AQS,60710001,1,0.2,ppm,2,Barstow,24,100,42101,Carbon monoxide,40140,"Riverside-San Bernardino-Ontario, CA",6,California,71,San Bernardino,34.89398,-117.0248039
1/23/20,AQS,60710001,1,0.2,ppm,2,Barstow,24,100,42101,Carbon monoxide,40140,"Riverside-San Bernardino-Ontario, CA",6,California,71,San Bernardino,34.89398,-117.0248039
1/24/20,AQS,60710001,1,0.2,ppm,2,Barstow,24,100,42101,Carbon monoxide,40140,"Riverside-San Bernardino-Ontario, CA",6,California,71,San Bernardino,34.89398,-117.0248039
1/25/20,AQS,60710001,1,0.2,ppm,2,Barstow,24,100,42101,Carbon monoxide,40140,"Riverside-San Bernardino-Ontario, CA",6,California,71,San Bernardino,34.89398,-117.0248039
1/26/20,AQS,60710001,1,0.2,ppm,2,Barstow,24,100,42101,Carbon monoxide,40140,"Riverside-San Bernardino-Ontario, CA",6,California,71,San Bernardino,34.89398,-117.0248039
1/27/20,AQS,60710001,1,0.1,ppm,1,Barstow,24,100,42101,Carbon monoxide,40140,"Riverside-San Bernardino-Ontario, CA",6,California,71,San Bernardino,34.89398,-117.0248039
1/28/20,AQS,60710001,1,0.1,ppm,1,Barstow,15,63,42101,Carbon monoxide,40140,"Riverside-San Bernardino-Ontario, CA",6,California,71,San Bernardino,34.89398,-117.0248039
1/29/20,AQS,60710001,1,0.1,ppm,1,Barstow,24,100,42101,Carbon monoxide,40140,"Riverside-San Bernardino-Ontario, CA",6,California,71,San Bernardino,34.89398,-117.0248039
1/30/20,AQS,60710001,1,0.2,ppm,2,Barstow,24,100,42101,Carbon monoxide,40140,"Riverside-San Bernardino-Ontario, CA",6,California,71,San Bernardino,34.89398,-117.0248039
1/31/20,AQS,60710001,1,0.3,ppm,3,Barstow,24,100,42101,Carbon monoxide,40140,"Riverside-San Bernardino-Ontario, CA",6,California,71,San Bernardino,34.89398,-117.0248039
2/1/20,AQS,60710001,1,0.3,ppm,3,Barstow,24,100,42101,Carbon monoxide,40140,"Riverside-San Bernardino-Ontario, CA",6,California,71,San Bernardino,34.89398,-117.0248039
2/2/20,AQS,60710001,1,0.3,ppm,3,Barstow,24,100,42101,Carbon monoxide,40140,"Riverside-San Bernardino-Ontario, CA",6,California,71,San Bernardino,34.89398,-117.0248039
2/3/20,AQS,60710001,1,0.1,ppm,1,Barstow,24,100,42101,Carbon monoxide,40140,"Riverside-San Bernardino-Ontario, CA",6,California,71,San Bernardino,34.89398,-117.0248039
2/4/20,AQS,60710001,1,0.1,ppm,1,Barstow,24,100,42101,Carbon monoxide,40140,"Riverside-San Bernardino-Ontario, CA",6,California,71,San Bernardino,34.89398,-117.0248039
2/5/20,AQS,60710001,1,0.2,ppm,2,Barstow,24,100,42101,Carbon monoxide,40140,"Riverside-San Bernardino-Ontario, CA",6,California,71,San Bernardino,34.89398,-117.0248039
2/6/20,AQS,60710001,1,0.2,ppm,2,Barstow,24,100,42101,Carbon monoxide,40140,"Riverside-San Bernardino-Ontario, CA",6,California,71,San Bernardino,34.89398,-117.0248039
2/7/20,AQS,60710001,1,0.3,ppm,3,Barstow,24,100,42101,Carbon monoxide,40140,"Riverside-San Bernardino-Ontario, CA",6,California,71,San Bernardino,34.89398,-117.0248039
2/8/20,AQS,60710001,1,0.3,ppm,3,Barstow,24,100,42101,Carbon monoxide,40140,"Riverside-San Bernardino-Ontario, CA",6,California,71,San Bernardino,34.89398,-117.0248039
2/9/20,AQS,60710001,1,0.1,ppm,1,Barstow,24,100,42101,Carbon monoxide,40140,"Riverside-San Bernardino-Ontario, CA",6,California,71,San Bernardino,34.89398,-117.0248039
2/10/20,AQS,60710001,1,0.1,ppm,1,Barstow,24,100,42101,Carbon monoxide,40140,"Riverside-San Bernardino-Ontario, CA",6,California,71,San Bernardino,34.89398,-117.0248039
2/11/20,AQS,60710001,1,0.2,ppm,2,Barstow,24,100,42101,Carbon monoxide,40140,"Riverside-San Bernardino-Ontario, CA",6,California,71,San Bernardino,34.89398,-117.0248039
2/12/20,AQS,60710001,1,0.2,ppm,2,Barstow,24,100,42101,Carbon monoxide,40140,"Riverside-San Bernardino-Ontario, CA",6,California,71,San Bernardino,34.89398,-117.0248039
2/13/20,AQS,60710001,1,0.2,ppm,2,Barstow,24,100,42101,Carbon monoxide,40140,"Riverside-San Bernardino-Ontario, CA",6,California,71,San Bernardino,34.89398,-117.0248039
2/14/20,AQS,60710001,1,0.2,ppm,2,Barstow,24,100,42101,Carbon monoxide,40140,"Riverside-San Bernardino-Ontario, CA",6,California,71,San Bernardino,34.89398,-117.0248039
2/15/20,AQS,60710001,1,0.3,ppm,3,Barstow,24,100,42101,Carbon monoxide,40140,"Riverside-San Bernardino-Ontario, CA",6,California,71,San Bernardino,34.89398,-117.0248039
2/16/20,AQS,60710001,1,0.2,ppm,2,Barstow,24,100,42101,Carbon monoxide,40140,"Riverside-San Bernardino-Ontario, CA",6,California,71,San Bernardino,34.89398,-117.0248039
2/17/20,AQS,60710001,1,0.2,ppm,2,Barstow,24,100,42101,Carbon monoxide,40140,"Riverside-San Bernardino-Ontario, CA",6,California,71,San Bernardino,34.89398,-117.0248039
2/18/20,AQS,60710001,1,0.2,ppm,2,Barstow,15,63,42101,Carbon monoxide,40140,"Riverside-San Bernardino-Ontario, CA",6,California,71,San Bernardino,34.89398,-117.0248039
2/19/20,AQS,60710001,1,0.2,ppm,2,Barstow,24,100,42101,Carbon monoxide,40140,"Riverside-San Bernardino-Ontario, CA",6,California,71,San Bernardino,34.89398,-117.0248039
2/20/20,AQS,60710001,1,0.2,ppm,2,Barstow,24,100,42101,Carbon monoxide,40140,"Riverside-San Bernardino-Ontario, CA",6,California,71,San Bernardino,34.89398,-117.0248039
2/21/20,AQS,60710001,1,0.1,ppm,1,Barstow,24,100,42101,Carbon monoxide,40140,"Riverside-San Bernardino-Ontario, CA",6,California,71,San Bernardino,34.89398,-117.0248039
2/22/20,AQS,60710001,1,0.1,ppm,1,Barstow,24,100,42101,Carbon monoxide,40140,"Riverside-San Bernardino-Ontario, CA",6,California,71,San Bernardino,34.89398,-117.0248039
2/23/20,AQS,60710001,1,0.1,ppm,1,Barstow,24,100,42101,Carbon monoxide,40140,"Riverside-San Bernardino-Ontario, CA",6,California,71,San Bernardino,34.89398,-117.0248039
2/24/20,AQS,60710001,1,0.1,ppm,1,Barstow,24,100,42101,Carbon monoxide,40140,"Riverside-San Bernardino-Ontario, CA",6,California,71,San Bernardino,34.89398,-117.0248039
2/25/20,AQS,60710001,1,0.2,ppm,2,Barstow,24,100,42101,Carbon monoxide,40140,"Riverside-San Bernardino-Ontario, CA",6,California,71,San Bernardino,34.89398,-117.0248039
2/26/20,AQS,60710001,1,0.1,ppm,1,Barstow,24,100,42101,Carbon monoxide,40140,"Riverside-San Bernardino-Ontario, CA",6,California,71,San Bernardino,34.89398,-117.0248039
2/27/20,AQS,60710001,1,0.1,ppm,1,Barstow,24,100,42101,Carbon monoxide,40140,"Riverside-San Bernardino-Ontario, CA",6,California,71,San Bernardino,34.89398,-117.0248039
2/28/20,AQS,60710001,1,0.2,ppm,2,Barstow,24,100,42101,Carbon monoxide,40140,"Riverside-San Bernardino-Ontario, CA",6,California,71,San Bernardino,34.89398,-117.0248039
2/29/20,AQS,60710001,1,0.2,ppm,2,Barstow,24,100,42101,Carbon monoxide,40140,"Riverside-San Bernardino-Ontario, CA",6,California,71,San Bernardino,34.89398,-117.0248039
3/1/20,AQS,60710001,1,0.1,ppm,1,Barstow,24,100,42101,Carbon monoxide,40140,"Riverside-San Bernardino-Ontario, CA",6,California,71,San Bernardino,34.89398,-117.0248039
3/2/20,AQS,60710001,1,0.1,ppm,1,Barstow,18,75,42101,Carbon monoxide,40140,"Riverside-San Bernardino-Ontario, CA",6,California,71,San Bernardino,34.89398,-117.0248039
3/3/20,AQS,60710001,1,0.2,ppm,2,Barstow,24,100,42101,Carbon monoxide,40140,"Riverside-San Bernardino-Ontario, CA",6,California,71,San Bernardino,34.89398,-117.0248039
3/4/20,AQS,60710001,1,0.2,ppm,2,Barstow,24,100,42101,Carbon monoxide,40140,"Riverside-San Bernardino-Ontario, CA",6,California,71,San Bernardino,34.89398,-117.0248039
3/5/20,AQS,60710001,1,0.2,ppm,2,Barstow,24,100,42101,Carbon monoxide,40140,"Riverside-San Bernardino-Ontario, CA",6,California,71,San Bernardino,34.89398,-117.0248039
3/6/20,AQS,60710001,1,0.1,ppm,1,Barstow,24,100,42101,Carbon monoxide,40140,"Riverside-San Bernardino-Ontario, CA",6,California,71,San Bernardino,34.89398,-117.0248039
3/7/20,AQS,60710001,1,0.1,ppm,1,Barstow,24,100,42101,Carbon monoxide,40140,"Riverside-San Bernardino-Ontario, CA",6,California,71,San Bernardino,34.89398,-117.0248039
3/8/20,AQS,60710001,1,0.1,ppm,1,Barstow,24,100,42101,Carbon monoxide,40140,"Riverside-San Bernardino-Ontario, CA",6,California,71,San Bernardino,34.89398,-117.0248039
3/9/20,AQS,60710001,1,0.1,ppm,1,Barstow,24,100,42101,Carbon monoxide,40140,"Riverside-San Bernardino-Ontario, CA",6,California,71,San Bernardino,34.89398,-117.0248039
3/10/20,AQS,60710001,1,0.1,ppm,1,Barstow,24,100,42101,Carbon monoxide,40140,"Riverside-San Bernardino-Ontario, CA",6,California,71,San Bernardino,34.89398,-117.0248039
3/11/20,AQS,60710001,1,0.1,ppm,1,Barstow,24,100,42101,Carbon monoxide,40140,"Riverside-San Bernardino-Ontario, CA",6,California,71,San Bernardino,34.89398,-117.0248039
3/12/20,AQS,60710001,1,0.2,ppm,2,Barstow,24,100,42101,Carbon monoxide,40140,"Riverside-San Bernardino-Ontario, CA",6,California,71,San Bernardino,34.89398,-117.0248039
3/13/20,AQS,60710001,1,0.1,ppm,1,Barstow,24,100,42101,Carbon monoxide,40140,"Riverside-San Bernardino-Ontario, CA",6,California,71,San Bernardino,34.89398,-117.0248039
3/14/20,AQS,60710001,1,0.1,ppm,1,Barstow,24,100,42101,Carbon monoxide,40140,"Riverside-San Bernardino-Ontario, CA",6,California,71,San Bernardino,34.89398,-117.0248039
3/15/20,AQS,60710001,1,0.1,ppm,1,Barstow,24,100,42101,Carbon monoxide,40140,"Riverside-San Bernardino-Ontario, CA",6,California,71,San Bernardino,34.89398,-117.0248039
3/16/20,AQS,60710001,1,0.1,ppm,1,Barstow,24,100,42101,Carbon monoxide,40140,"Riverside-San Bernardino-Ontario, CA",6,California,71,San Bernardino,34.89398,-117.0248039
3/17/20,AQS,60710001,1,0.1,ppm,1,Barstow,24,100,42101,Carbon monoxide,40140,"Riverside-San Bernardino-Ontario, CA",6,California,71,San Bernardino,34.89398,-117.0248039
3/18/20,AQS,60710001,1,0.1,ppm,1,Barstow,16,67,42101,Carbon monoxide,40140,"Riverside-San Bernardino-Ontario, CA",6,California,71,San Bernardino,34.89398,-117.0248039
3/19/20,AQS,60710001,1,0.1,ppm,1,Barstow,24,100,42101,Carbon monoxide,40140,"Riverside-San Bernardino-Ontario, CA",6,California,71,San Bernardino,34.89398,-117.0248039
3/20/20,AQS,60710001,1,0.1,ppm,1,Barstow,24,100,42101,Carbon monoxide,40140,"Riverside-San Bernardino-Ontario, CA",6,California,71,San Bernardino,34.89398,-117.0248039
3/21/20,AQS,60710001,1,0.1,ppm,1,Barstow,24,100,42101,Carbon monoxide,40140,"Riverside-San Bernardino-Ontario, CA",6,California,71,San Bernardino,34.89398,-117.0248039
3/22/20,AQS,60710001,1,0.1,ppm,1,Barstow,24,100,42101,Carbon monoxide,40140,"Riverside-San Bernardino-Ontario, CA",6,California,71,San Bernardino,34.89398,-117.0248039
3/23/20,AQS,60710001,1,0.1,ppm,1,Barstow,24,100,42101,Carbon monoxide,40140,"Riverside-San Bernardino-Ontario, CA",6,California,71,San Bernardino,34.89398,-117.0248039
3/24/20,AQS,60710001,1,0.1,ppm,1,Barstow,24,100,42101,Carbon monoxide,40140,"Riverside-San Bernardino-Ontario, CA",6,California,71,San Bernardino,34.89398,-117.0248039
3/25/20,AQS,60710001,1,0.1,ppm,1,Barstow,24,100,42101,Carbon monoxide,40140,"Riverside-San Bernardino-Ontario, CA",6,California,71,San Bernardino,34.89398,-117.0248039
3/26/20,AQS,60710001,1,0.1,ppm,1,Barstow,24,100,42101,Carbon monoxide,40140,"Riverside-San Bernardino-Ontario, CA",6,California,71,San Bernardino,34.89398,-117.0248039
3/27/20,AQS,60710001,1,0.1,ppm,1,Barstow,24,100,42101,Carbon monoxide,40140,"Riverside-San Bernardino-Ontario, CA",6,California,71,San Bernardino,34.89398,-117.0248039
3/28/20,AQS,60710001,1,0.1,ppm,1,Barstow,24,100,42101,Carbon monoxide,40140,"Riverside-San Bernardino-Ontario, CA",6,California,71,San Bernardino,34.89398,-117.0248039
3/29/20,AQS,60710001,1,0.1,ppm,1,Barstow,24,100,42101,Carbon monoxide,40140,"Riverside-San Bernardino-Ontario, CA",6,California,71,San Bernardino,34.89398,-117.0248039
3/30/20,AQS,60710001,1,0.1,ppm,1,Barstow,24,100,42101,Carbon monoxide,40140,"Riverside-San Bernardino-Ontario, CA",6,California,71,San Bernardino,34.89398,-117.0248039
3/31/20,AQS,60710001,1,0.1,ppm,1,Barstow,24,100,42101,Carbon monoxide,40140,"Riverside-San Bernardino-Ontario, CA",6,California,71,San Bernardino,34.89398,-117.0248039
4/1/20,AQS,60710001,1,0.1,ppm,1,Barstow,1,4,42101,Carbon monoxide,40140,"Riverside-San Bernardino-Ontario, CA",6,California,71,San Bernardino,34.89398,-117.0248039
1/1/20,AQS,60710306,1,0.8,ppm,9,Victorville-Park Avenue,19,79,42101,Carbon monoxide,40140,"Riverside-San Bernardino-Ontario, CA",6,California,71,San Bernardino,34.51096111,-117.32554
1/2/20,AQS,60710306,1,0.6,ppm,7,Victorville-Park Avenue,24,100,42101,Carbon monoxide,40140,"Riverside-San Bernardino-Ontario, CA",6,California,71,San Bernardino,34.51096111,-117.32554
1/3/20,AQS,60710306,1,0.8,ppm,9,Victorville-Park Avenue,24,100,42101,Carbon monoxide,40140,"Riverside-San Bernardino-Ontario, CA",6,California,71,San Bernardino,34.51096111,-117.32554
1/4/20,AQS,60710306,1,1,ppm,11,Victorville-Park Avenue,24,100,42101,Carbon monoxide,40140,"Riverside-San Bernardino-Ontario, CA",6,California,71,San Bernardino,34.51096111,-117.32554
1/5/20,AQS,60710306,1,0.7,ppm,8,Victorville-Park Avenue,24,100,42101,Carbon monoxide,40140,"Riverside-San Bernardino-Ontario, CA",6,California,71,San Bernardino,34.51096111,-117.32554
1/6/20,AQS,60710306,1,0.7,ppm,8,Victorville-Park Avenue,24,100,42101,Carbon monoxide,40140,"Riverside-San Bernardino-Ontario, CA",6,California,71,San Bernardino,34.51096111,-117.32554
1/7/20,AQS,60710306,1,0.8,ppm,9,Victorville-Park Avenue,24,100,42101,Carbon monoxide,40140,"Riverside-San Bernardino-Ontario, CA",6,California,71,San Bernardino,34.51096111,-117.32554
1/8/20,AQS,60710306,1,0.8,ppm,9,Victorville-Park Avenue,24,100,42101,Carbon monoxide,40140,"Riverside-San Bernardino-Ontario, CA",6,California,71,San Bernardino,34.51096111,-117.32554
1/9/20,AQS,60710306,1,0.4,ppm,5,Victorville-Park Avenue,24,100,42101,Carbon monoxide,40140,"Riverside-San Bernardino-Ontario, CA",6,California,71,San Bernardino,34.51096111,-117.32554
1/10/20,AQS,60710306,1,0.6,ppm,7,Victorville-Park Avenue,24,100,42101,Carbon monoxide,40140,"Riverside-San Bernardino-Ontario, CA",6,California,71,San Bernardino,34.51096111,-117.32554
1/11/20,AQS,60710306,1,0.7,ppm,8,Victorville-Park Avenue,24,100,42101,Carbon monoxide,40140,"Riverside-San Bernardino-Ontario, CA",6,California,71,San Bernardino,34.51096111,-117.32554
1/12/20,AQS,60710306,1,0.5,ppm,6,Victorville-Park Avenue,24,100,42101,Carbon monoxide,40140,"Riverside-San Bernardino-Ontario, CA",6,California,71,San Bernardino,34.51096111,-117.32554
1/13/20,AQS,60710306,1,0.5,ppm,6,Victorville-Park Avenue,24,100,42101,Carbon monoxide,40140,"Riverside-San Bernardino-Ontario, CA",6,California,71,San Bernardino,34.51096111,-117.32554
1/14/20,AQS,60710306,1,0.7,ppm,8,Victorville-Park Avenue,24,100,42101,Carbon monoxide,40140,"Riverside-San Bernardino-Ontario, CA",6,California,71,San Bernardino,34.51096111,-117.32554
1/15/20,AQS,60710306,1,0.6,ppm,7,Victorville-Park Avenue,24,100,42101,Carbon monoxide,40140,"Riverside-San Bernardino-Ontario, CA",6,California,71,San Bernardino,34.51096111,-117.32554
1/16/20,AQS,60710306,1,0.7,ppm,8,Victorville-Park Avenue,24,100,42101,Carbon monoxide,40140,"Riverside-San Bernardino-Ontario, CA",6,California,71,San Bernardino,34.51096111,-117.32554
1/17/20,AQS,60710306,1,0.5,ppm,6,Victorville-Park Avenue,24,100,42101,Carbon monoxide,40140,"Riverside-San Bernardino-Ontario, CA",6,California,71,San Bernardino,34.51096111,-117.32554
1/18/20,AQS,60710306,1,0.7,ppm,8,Victorville-Park Avenue,24,100,42101,Carbon monoxide,40140,"Riverside-San Bernardino-Ontario, CA",6,California,71,San Bernardino,34.51096111,-117.32554
1/19/20,AQS,60710306,1,0.7,ppm,8,Victorville-Park Avenue,24,100,42101,Carbon monoxide,40140,"Riverside-San Bernardino-Ontario, CA",6,California,71,San Bernardino,34.51096111,-117.32554
1/20/20,AQS,60710306,1,0.6,ppm,7,Victorville-Park Avenue,24,100,42101,Carbon monoxide,40140,"Riverside-San Bernardino-Ontario, CA",6,California,71,San Bernardino,34.51096111,-117.32554
1/21/20,AQS,60710306,1,0.5,ppm,6,Victorville-Park Avenue,24,100,42101,Carbon monoxide,40140,"Riverside-San Bernardino-Ontario, CA",6,California,71,San Bernardino,34.51096111,-117.32554
1/22/20,AQS,60710306,1,0.5,ppm,6,Victorville-Park Avenue,24,100,42101,Carbon monoxide,40140,"Riverside-San Bernardino-Ontario, CA",6,California,71,San Bernardino,34.51096111,-117.32554
1/23/20,AQS,60710306,1,0.7,ppm,8,Victorville-Park Avenue,24,100,42101,Carbon monoxide,40140,"Riverside-San Bernardino-Ontario, CA",6,California,71,San Bernardino,34.51096111,-117.32554
1/24/20,AQS,60710306,1,0.7,ppm,8,Victorville-Park Avenue,24,100,42101,Carbon monoxide,40140,"Riverside-San Bernardino-Ontario, CA",6,California,71,San Bernardino,34.51096111,-117.32554
1/25/20,AQS,60710306,1,0.6,ppm,7,Victorville-Park Avenue,24,100,42101,Carbon monoxide,40140,"Riverside-San Bernardino-Ontario, CA",6,California,71,San Bernardino,34.51096111,-117.32554
1/26/20,AQS,60710306,1,0.8,ppm,9,Victorville-Park Avenue,24,100,42101,Carbon monoxide,40140,"Riverside-San Bernardino-Ontario, CA",6,California,71,San Bernardino,34.51096111,-117.32554
1/27/20,AQS,60710306,1,0.5,ppm,6,Victorville-Park Avenue,24,100,42101,Carbon monoxide,40140,"Riverside-San Bernardino-Ontario, CA",6,California,71,San Bernardino,34.51096111,-117.32554
1/28/20,AQS,60710306,1,0.6,ppm,7,Victorville-Park Avenue,24,100,42101,Carbon monoxide,40140,"Riverside-San Bernardino-Ontario, CA",6,California,71,San Bernardino,34.51096111,-117.32554
1/29/20,AQS,60710306,1,0.5,ppm,6,Victorville-Park Avenue,24,100,42101,Carbon monoxide,40140,"Riverside-San Bernardino-Ontario, CA",6,California,71,San Bernardino,34.51096111,-117.32554
1/30/20,AQS,60710306,1,0.7,ppm,8,Victorville-Park Avenue,24,100,42101,Carbon monoxide,40140,"Riverside-San Bernardino-Ontario, CA",6,California,71,San Bernardino,34.51096111,-117.32554
1/31/20,AQS,60710306,1,0.8,ppm,9,Victorville-Park Avenue,24,100,42101,Carbon monoxide,40140,"Riverside-San Bernardino-Ontario, CA",6,California,71,San Bernardino,34.51096111,-117.32554
2/1/20,AQS,60710306,1,0.8,ppm,9,Victorville-Park Avenue,24,100,42101,Carbon monoxide,40140,"Riverside-San Bernardino-Ontario, CA",6,California,71,San Bernardino,34.51096111,-117.32554
2/2/20,AQS,60710306,1,0.7,ppm,8,Victorville-Park Avenue,24,100,42101,Carbon monoxide,40140,"Riverside-San Bernardino-Ontario, CA",6,California,71,San Bernardino,34.51096111,-117.32554
2/3/20,AQS,60710306,1,0.4,ppm,5,Victorville-Park Avenue,24,100,42101,Carbon monoxide,40140,"Riverside-San Bernardino-Ontario, CA",6,California,71,San Bernardino,34.51096111,-117.32554
2/4/20,AQS,60710306,1,0.5,ppm,6,Victorville-Park Avenue,24,100,42101,Carbon monoxide,40140,"Riverside-San Bernardino-Ontario, CA",6,California,71,San Bernardino,34.51096111,-117.32554
2/5/20,AQS,60710306,1,0.8,ppm,9,Victorville-Park Avenue,24,100,42101,Carbon monoxide,40140,"Riverside-San Bernardino-Ontario, CA",6,California,71,San Bernardino,34.51096111,-117.32554
2/6/20,AQS,60710306,1,0.9,ppm,10,Victorville-Park Avenue,24,100,42101,Carbon monoxide,40140,"Riverside-San Bernardino-Ontario, CA",6,California,71,San Bernardino,34.51096111,-117.32554
2/7/20,AQS,60710306,1,0.8,ppm,9,Victorville-Park Avenue,24,100,42101,Carbon monoxide,40140,"Riverside-San Bernardino-Ontario, CA",6,California,71,San Bernardino,34.51096111,-117.32554
2/8/20,AQS,60710306,1,0.9,ppm,10,Victorville-Park Avenue,24,100,42101,Carbon monoxide,40140,"Riverside-San Bernardino-Ontario, CA",6,California,71,San Bernardino,34.51096111,-117.32554
2/9/20,AQS,60710306,1,0.5,ppm,6,Victorville-Park Avenue,24,100,42101,Carbon monoxide,40140,"Riverside-San Bernardino-Ontario, CA",6,California,71,San Bernardino,34.51096111,-117.32554
2/10/20,AQS,60710306,1,0.4,ppm,5,Victorville-Park Avenue,24,100,42101,Carbon monoxide,40140,"Riverside-San Bernardino-Ontario, CA",6,California,71,San Bernardino,34.51096111,-117.32554
2/11/20,AQS,60710306,1,0.6,ppm,7,Victorville-Park Avenue,24,100,42101,Carbon monoxide,40140,"Riverside-San Bernardino-Ontario, CA",6,California,71,San Bernardino,34.51096111,-117.32554
2/12/20,AQS,60710306,1,0.8,ppm,9,Victorville-Park Avenue,15,63,42101,Carbon monoxide,40140,"Riverside-San Bernardino-Ontario, CA",6,California,71,San Bernardino,34.51096111,-117.32554
2/13/20,AQS,60710306,1,0.8,ppm,9,Victorville-Park Avenue,24,100,42101,Carbon monoxide,40140,"Riverside-San Bernardino-Ontario, CA",6,California,71,San Bernardino,34.51096111,-117.32554
2/14/20,AQS,60710306,1,0.8,ppm,9,Victorville-Park Avenue,24,100,42101,Carbon monoxide,40140,"Riverside-San Bernardino-Ontario, CA",6,California,71,San Bernardino,34.51096111,-117.32554
2/15/20,AQS,60710306,1,0.7,ppm,8,Victorville-Park Avenue,24,100,42101,Carbon monoxide,40140,"Riverside-San Bernardino-Ontario, CA",6,California,71,San Bernardino,34.51096111,-117.32554
2/16/20,AQS,60710306,1,0.7,ppm,8,Victorville-Park Avenue,24,100,42101,Carbon monoxide,40140,"Riverside-San Bernardino-Ontario, CA",6,California,71,San Bernardino,34.51096111,-117.32554
2/17/20,AQS,60710306,1,0.6,ppm,7,Victorville-Park Avenue,24,100,42101,Carbon monoxide,40140,"Riverside-San Bernardino-Ontario, CA",6,California,71,San Bernardino,34.51096111,-117.32554
2/18/20,AQS,60710306,1,0.8,ppm,9,Victorville-Park Avenue,24,100,42101,Carbon monoxide,40140,"Riverside-San Bernardino-Ontario, CA",6,California,71,San Bernardino,34.51096111,-117.32554
2/19/20,AQS,60710306,1,0.8,ppm,9,Victorville-Park Avenue,24,100,42101,Carbon monoxide,40140,"Riverside-San Bernardino-Ontario, CA",6,California,71,San Bernardino,34.51096111,-117.32554
2/20/20,AQS,60710306,1,0.7,ppm,8,Victorville-Park Avenue,24,100,42101,Carbon monoxide,40140,"Riverside-San Bernardino-Ontario, CA",6,California,71,San Bernardino,34.51096111,-117.32554
2/21/20,AQS,60710306,1,0.6,ppm,7,Victorville-Park Avenue,24,100,42101,Carbon monoxide,40140,"Riverside-San Bernardino-Ontario, CA",6,California,71,San Bernardino,34.51096111,-117.32554
2/22/20,AQS,60710306,1,0.5,ppm,6,Victorville-Park Avenue,24,100,42101,Carbon monoxide,40140,"Riverside-San Bernardino-Ontario, CA",6,California,71,San Bernardino,34.51096111,-117.32554
2/23/20,AQS,60710306,1,0.5,ppm,6,Victorville-Park Avenue,24,100,42101,Carbon monoxide,40140,"Riverside-San Bernardino-Ontario, CA",6,California,71,San Bernardino,34.51096111,-117.32554
2/24/20,AQS,60710306,1,0.7,ppm,8,Victorville-Park Avenue,24,100,42101,Carbon monoxide,40140,"Riverside-San Bernardino-Ontario, CA",6,California,71,San Bernardino,34.51096111,-117.32554
2/25/20,AQS,60710306,1,0.6,ppm,7,Victorville-Park Avenue,24,100,42101,Carbon monoxide,40140,"Riverside-San Bernardino-Ontario, CA",6,California,71,San Bernardino,34.51096111,-117.32554
2/26/20,AQS,60710306,1,0.6,ppm,7,Victorville-Park Avenue,24,100,42101,Carbon monoxide,40140,"Riverside-San Bernardino-Ontario, CA",6,California,71,San Bernardino,34.51096111,-117.32554
2/27/20,AQS,60710306,1,0.8,ppm,9,Victorville-Park Avenue,24,100,42101,Carbon monoxide,40140,"Riverside-San Bernardino-Ontario, CA",6,California,71,San Bernardino,34.51096111,-117.32554
2/28/20,AQS,60710306,1,0.8,ppm,9,Victorville-Park Avenue,24,100,42101,Carbon monoxide,40140,"Riverside-San Bernardino-Ontario, CA",6,California,71,San Bernardino,34.51096111,-117.32554
2/29/20,AQS,60710306,1,0.6,ppm,7,Victorville-Park Avenue,24,100,42101,Carbon monoxide,40140,"Riverside-San Bernardino-Ontario, CA",6,California,71,San Bernardino,34.51096111,-117.32554
3/1/20,AQS,60710306,1,0.5,ppm,6,Victorville-Park Avenue,24,100,42101,Carbon monoxide,40140,"Riverside-San Bernardino-Ontario, CA",6,California,71,San Bernardino,34.51096111,-117.32554
3/2/20,AQS,60710306,1,0.5,ppm,6,Victorville-Park Avenue,24,100,42101,Carbon monoxide,40140,"Riverside-San Bernardino-Ontario, CA",6,California,71,San Bernardino,34.51096111,-117.32554
3/3/20,AQS,60710306,1,0.6,ppm,7,Victorville-Park Avenue,24,100,42101,Carbon monoxide,40140,"Riverside-San Bernardino-Ontario, CA",6,California,71,San Bernardino,34.51096111,-117.32554
3/4/20,AQS,60710306,1,0.7,ppm,8,Victorville-Park Avenue,24,100,42101,Carbon monoxide,40140,"Riverside-San Bernardino-Ontario, CA",6,California,71,San Bernardino,34.51096111,-117.32554
3/5/20,AQS,60710306,1,0.6,ppm,7,Victorville-Park Avenue,24,100,42101,Carbon monoxide,40140,"Riverside-San Bernardino-Ontario, CA",6,California,71,San Bernardino,34.51096111,-117.32554
3/6/20,AQS,60710306,1,0.8,ppm,9,Victorville-Park Avenue,24,100,42101,Carbon monoxide,40140,"Riverside-San Bernardino-Ontario, CA",6,California,71,San Bernardino,34.51096111,-117.32554
3/7/20,AQS,60710306,1,0.6,ppm,7,Victorville-Park Avenue,24,100,42101,Carbon monoxide,40140,"Riverside-San Bernardino-Ontario, CA",6,California,71,San Bernardino,34.51096111,-117.32554
3/8/20,AQS,60710306,1,0.5,ppm,6,Victorville-Park Avenue,24,100,42101,Carbon monoxide,40140,"Riverside-San Bernardino-Ontario, CA",6,California,71,San Bernardino,34.51096111,-117.32554
3/9/20,AQS,60710306,1,0.5,ppm,6,Victorville-Park Avenue,24,100,42101,Carbon monoxide,40140,"Riverside-San Bernardino-Ontario, CA",6,California,71,San Bernardino,34.51096111,-117.32554
3/10/20,AQS,60710306,1,0.5,ppm,6,Victorville-Park Avenue,24,100,42101,Carbon monoxide,40140,"Riverside-San Bernardino-Ontario, CA",6,California,71,San Bernardino,34.51096111,-117.32554
3/11/20,AQS,60710306,1,0.5,ppm,6,Victorville-Park Avenue,24,100,42101,Carbon monoxide,40140,"Riverside-San Bernardino-Ontario, CA",6,California,71,San Bernardino,34.51096111,-117.32554
3/12/20,AQS,60710306,1,0.7,ppm,8,Victorville-Park Avenue,14,58,42101,Carbon monoxide,40140,"Riverside-San Bernardino-Ontario, CA",6,California,71,San Bernardino,34.51096111,-117.32554
3/13/20,AQS,60710306,1,0.2,ppm,2,Victorville-Park Avenue,24,100,42101,Carbon monoxide,40140,"Riverside-San Bernardino-Ontario, CA",6,California,71,San Bernardino,34.51096111,-117.32554
3/14/20,AQS,60710306,1,0.2,ppm,2,Victorville-Park Avenue,24,100,42101,Carbon monoxide,40140,"Riverside-San Bernardino-Ontario, CA",6,California,71,San Bernardino,34.51096111,-117.32554
3/15/20,AQS,60710306,1,0.2,ppm,2,Victorville-Park Avenue,24,100,42101,Carbon monoxide,40140,"Riverside-San Bernardino-Ontario, CA",6,California,71,San Bernardino,34.51096111,-117.32554
3/16/20,AQS,60710306,1,0.2,ppm,2,Victorville-Park Avenue,24,100,42101,Carbon monoxide,40140,"Riverside-San Bernardino-Ontario, CA",6,California,71,San Bernardino,34.51096111,-117.32554
3/17/20,AQS,60710306,1,0.3,ppm,3,Victorville-Park Avenue,24,100,42101,Carbon monoxide,40140,"Riverside-San Bernardino-Ontario, CA",6,California,71,San Bernardino,34.51096111,-117.32554
3/18/20,AQS,60710306,1,0.3,ppm,3,Victorville-Park Avenue,24,100,42101,Carbon monoxide,40140,"Riverside-San Bernardino-Ontario, CA",6,California,71,San Bernardino,34.51096111,-117.32554
3/19/20,AQS,60710306,1,0.2,ppm,2,Victorville-Park Avenue,15,63,42101,Carbon monoxide,40140,"Riverside-San Bernardino-Ontario, CA",6,California,71,San Bernardino,34.51096111,-117.32554
3/20/20,AQS,60710306,1,0.2,ppm,2,Victorville-Park Avenue,24,100,42101,Carbon monoxide,40140,"Riverside-San Bernardino-Ontario, CA",6,California,71,San Bernardino,34.51096111,-117.32554
3/21/20,AQS,60710306,1,0.2,ppm,2,Victorville-Park Avenue,24,100,42101,Carbon monoxide,40140,"Riverside-San Bernardino-Ontario, CA",6,California,71,San Bernardino,34.51096111,-117.32554
3/22/20,AQS,60710306,1,0.3,ppm,3,Victorville-Park Avenue,24,100,42101,Carbon monoxide,40140,"Riverside-San Bernardino-Ontario, CA",6,California,71,San Bernardino,34.51096111,-117.32554
3/23/20,AQS,60710306,1,0.2,ppm,2,Victorville-Park Avenue,24,100,42101,Carbon monoxide,40140,"Riverside-San Bernardino-Ontario, CA",6,California,71,San Bernardino,34.51096111,-117.32554
3/24/20,AQS,60710306,1,0.2,ppm,2,Victorville-Park Avenue,24,100,42101,Carbon monoxide,40140,"Riverside-San Bernardino-Ontario, CA",6,California,71,San Bernardino,34.51096111,-117.32554
3/25/20,AQS,60710306,1,0.2,ppm,2,Victorville-Park Avenue,24,100,42101,Carbon monoxide,40140,"Riverside-San Bernardino-Ontario, CA",6,California,71,San Bernardino,34.51096111,-117.32554
3/26/20,AQS,60710306,1,0.2,ppm,2,Victorville-Park Avenue,24,100,42101,Carbon monoxide,40140,"Riverside-San Bernardino-Ontario, CA",6,California,71,San Bernardino,34.51096111,-117.32554
3/27/20,AQS,60710306,1,0.2,ppm,2,Victorville-Park Avenue,24,100,42101,Carbon monoxide,40140,"Riverside-San Bernardino-Ontario, CA",6,California,71,San Bernardino,34.51096111,-117.32554
3/28/20,AQS,60710306,1,0.3,ppm,3,Victorville-Park Avenue,24,100,42101,Carbon monoxide,40140,"Riverside-San Bernardino-Ontario, CA",6,California,71,San Bernardino,34.51096111,-117.32554
3/29/20,AQS,60710306,1,0.3,ppm,3,Victorville-Park Avenue,24,100,42101,Carbon monoxide,40140,"Riverside-San Bernardino-Ontario, CA",6,California,71,San Bernardino,34.51096111,-117.32554
3/30/20,AQS,60710306,1,0.4,ppm,5,Victorville-Park Avenue,14,58,42101,Carbon monoxide,40140,"Riverside-San Bernardino-Ontario, CA",6,California,71,San Bernardino,34.51096111,-117.32554
3/31/20,AQS,60710306,1,0.4,ppm,5,Victorville-Park Avenue,24,100,42101,Carbon monoxide,40140,"Riverside-San Bernardino-Ontario, CA",6,California,71,San Bernardino,34.51096111,-117.32554
4/1/20,AQS,60710306,1,0.2,ppm,2,Victorville-Park Avenue,1,4,42101,Carbon monoxide,40140,"Riverside-San Bernardino-Ontario, CA",6,California,71,San Bernardino,34.51096111,-117.32554
1/1/20,AQS,60831025,1,0.2,ppm,2,Los Flores Canyon #1,18,75,42101,Carbon monoxide,42200,"Santa Maria-Santa Barbara, CA",6,California,83,Santa Barbara,34.48974,-120.04692
1/2/20,AQS,60831025,1,0.2,ppm,2,Los Flores Canyon #1,24,100,42101,Carbon monoxide,42200,"Santa Maria-Santa Barbara, CA",6,California,83,Santa Barbara,34.48974,-120.04692
1/3/20,AQS,60831025,1,0.2,ppm,2,Los Flores Canyon #1,24,100,42101,Carbon monoxide,42200,"Santa Maria-Santa Barbara, CA",6,California,83,Santa Barbara,34.48974,-120.04692
1/4/20,AQS,60831025,1,0.2,ppm,2,Los Flores Canyon #1,24,100,42101,Carbon monoxide,42200,"Santa Maria-Santa Barbara, CA",6,California,83,Santa Barbara,34.48974,-120.04692
1/5/20,AQS,60831025,1,0.2,ppm,2,Los Flores Canyon #1,24,100,42101,Carbon monoxide,42200,"Santa Maria-Santa Barbara, CA",6,California,83,Santa Barbara,34.48974,-120.04692
1/6/20,AQS,60831025,1,0.2,ppm,2,Los Flores Canyon #1,24,100,42101,Carbon monoxide,42200,"Santa Maria-Santa Barbara, CA",6,California,83,Santa Barbara,34.48974,-120.04692
1/7/20,AQS,60831025,1,0.2,ppm,2,Los Flores Canyon #1,24,100,42101,Carbon monoxide,42200,"Santa Maria-Santa Barbara, CA",6,California,83,Santa Barbara,34.48974,-120.04692
1/8/20,AQS,60831025,1,0.1,ppm,1,Los Flores Canyon #1,24,100,42101,Carbon monoxide,42200,"Santa Maria-Santa Barbara, CA",6,California,83,Santa Barbara,34.48974,-120.04692
1/9/20,AQS,60831025,1,0.1,ppm,1,Los Flores Canyon #1,19,79,42101,Carbon monoxide,42200,"Santa Maria-Santa Barbara, CA",6,California,83,Santa Barbara,34.48974,-120.04692
1/10/20,AQS,60831025,1,0.1,ppm,1,Los Flores Canyon #1,9,38,42101,Carbon monoxide,42200,"Santa Maria-Santa Barbara, CA",6,California,83,Santa Barbara,34.48974,-120.04692
1/11/20,AQS,60831025,1,0.1,ppm,1,Los Flores Canyon #1,24,100,42101,Carbon monoxide,42200,"Santa Maria-Santa Barbara, CA",6,California,83,Santa Barbara,34.48974,-120.04692
1/12/20,AQS,60831025,1,0.1,ppm,1,Los Flores Canyon #1,24,100,42101,Carbon monoxide,42200,"Santa Maria-Santa Barbara, CA",6,California,83,Santa Barbara,34.48974,-120.04692
1/13/20,AQS,60831025,1,0.1,ppm,1,Los Flores Canyon #1,24,100,42101,Carbon monoxide,42200,"Santa Maria-Santa Barbara, CA",6,California,83,Santa Barbara,34.48974,-120.04692
1/14/20,AQS,60831025,1,0.1,ppm,1,Los Flores Canyon #1,24,100,42101,Carbon monoxide,42200,"Santa Maria-Santa Barbara, CA",6,California,83,Santa Barbara,34.48974,-120.04692
1/15/20,AQS,60831025,1,0.2,ppm,2,Los Flores Canyon #1,10,42,42101,Carbon monoxide,42200,"Santa Maria-Santa Barbara, CA",6,California,83,Santa Barbara,34.48974,-120.04692
1/16/20,AQS,60831025,1,0.2,ppm,2,Los Flores Canyon #1,24,100,42101,Carbon monoxide,42200,"Santa Maria-Santa Barbara, CA",6,California,83,Santa Barbara,34.48974,-120.04692
1/17/20,AQS,60831025,1,0.2,ppm,2,Los Flores Canyon #1,24,100,42101,Carbon monoxide,42200,"Santa Maria-Santa Barbara, CA",6,California,83,Santa Barbara,34.48974,-120.04692
1/18/20,AQS,60831025,1,0.2,ppm,2,Los Flores Canyon #1,22,92,42101,Carbon monoxide,42200,"Santa Maria-Santa Barbara, CA",6,California,83,Santa Barbara,34.48974,-120.04692
1/19/20,AQS,60831025,1,0.2,ppm,2,Los Flores Canyon #1,24,100,42101,Carbon monoxide,42200,"Santa Maria-Santa Barbara, CA",6,California,83,Santa Barbara,34.48974,-120.04692
1/20/20,AQS,60831025,1,0.2,ppm,2,Los Flores Canyon #1,24,100,42101,Carbon monoxide,42200,"Santa Maria-Santa Barbara, CA",6,California,83,Santa Barbara,34.48974,-120.04692
1/21/20,AQS,60831025,1,0.2,ppm,2,Los Flores Canyon #1,24,100,42101,Carbon monoxide,42200,"Santa Maria-Santa Barbara, CA",6,California,83,Santa Barbara,34.48974,-120.04692
1/22/20,AQS,60831025,1,0.2,ppm,2,Los Flores Canyon #1,24,100,42101,Carbon monoxide,42200,"Santa Maria-Santa Barbara, CA",6,California,83,Santa Barbara,34.48974,-120.04692
1/23/20,AQS,60831025,1,0.2,ppm,2,Los Flores Canyon #1,22,92,42101,Carbon monoxide,42200,"Santa Maria-Santa Barbara, CA",6,California,83,Santa Barbara,34.48974,-120.04692
1/24/20,AQS,60831025,1,0.2,ppm,2,Los Flores Canyon #1,24,100,42101,Carbon monoxide,42200,"Santa Maria-Santa Barbara, CA",6,California,83,Santa Barbara,34.48974,-120.04692
1/25/20,AQS,60831025,1,0.3,ppm,3,Los Flores Canyon #1,24,100,42101,Carbon monoxide,42200,"Santa Maria-Santa Barbara, CA",6,California,83,Santa Barbara,34.48974,-120.04692
1/26/20,AQS,60831025,1,0.2,ppm,2,Los Flores Canyon #1,23,96,42101,Carbon monoxide,42200,"Santa Maria-Santa Barbara, CA",6,California,83,Santa Barbara,34.48974,-120.04692
1/27/20,AQS,60831025,1,0.2,ppm,2,Los Flores Canyon #1,15,63,42101,Carbon monoxide,42200,"Santa Maria-Santa Barbara, CA",6,California,83,Santa Barbara,34.48974,-120.04692
1/28/20,AQS,60831025,1,0.2,ppm,2,Los Flores Canyon #1,24,100,42101,Carbon monoxide,42200,"Santa Maria-Santa Barbara, CA",6,California,83,Santa Barbara,34.48974,-120.04692
1/29/20,AQS,60831025,1,0.2,ppm,2,Los Flores Canyon #1,24,100,42101,Carbon monoxide,42200,"Santa Maria-Santa Barbara, CA",6,California,83,Santa Barbara,34.48974,-120.04692
1/30/20,AQS,60831025,1,0.3,ppm,3,Los Flores Canyon #1,24,100,42101,Carbon monoxide,42200,"Santa Maria-Santa Barbara, CA",6,California,83,Santa Barbara,34.48974,-120.04692
1/31/20,AQS,60831025,1,0.3,ppm,3,Los Flores Canyon #1,24,100,42101,Carbon monoxide,42200,"Santa Maria-Santa Barbara, CA",6,California,83,Santa Barbara,34.48974,-120.04692
2/1/20,AQS,60831025,1,0.2,ppm,2,Los Flores Canyon #1,2,8,42101,Carbon monoxide,42200,"Santa Maria-Santa Barbara, CA",6,California,83,Santa Barbara,34.48974,-120.04692
2/15/20,AQS,60831025,1,0.2,ppm,2,Los Flores Canyon #1,17,71,42101,Carbon monoxide,42200,"Santa Maria-Santa Barbara, CA",6,California,83,Santa Barbara,34.48974,-120.04692
2/16/20,AQS,60831025,1,0.2,ppm,2,Los Flores Canyon #1,24,100,42101,Carbon monoxide,42200,"Santa Maria-Santa Barbara, CA",6,California,83,Santa Barbara,34.48974,-120.04692
2/17/20,AQS,60831025,1,0.2,ppm,2,Los Flores Canyon #1,24,100,42101,Carbon monoxide,42200,"Santa Maria-Santa Barbara, CA",6,California,83,Santa Barbara,34.48974,-120.04692
2/18/20,AQS,60831025,1,0.3,ppm,3,Los Flores Canyon #1,24,100,42101,Carbon monoxide,42200,"Santa Maria-Santa Barbara, CA",6,California,83,Santa Barbara,34.48974,-120.04692
2/19/20,AQS,60831025,1,0.2,ppm,2,Los Flores Canyon #1,24,100,42101,Carbon monoxide,42200,"Santa Maria-Santa Barbara, CA",6,California,83,Santa Barbara,34.48974,-120.04692
2/20/20,AQS,60831025,1,0.2,ppm,2,Los Flores Canyon #1,24,100,42101,Carbon monoxide,42200,"Santa Maria-Santa Barbara, CA",6,California,83,Santa Barbara,34.48974,-120.04692
2/21/20,AQS,60831025,1,0.3,ppm,3,Los Flores Canyon #1,24,100,42101,Carbon monoxide,42200,"Santa Maria-Santa Barbara, CA",6,California,83,Santa Barbara,34.48974,-120.04692
2/22/20,AQS,60831025,1,0.2,ppm,2,Los Flores Canyon #1,24,100,42101,Carbon monoxide,42200,"Santa Maria-Santa Barbara, CA",6,California,83,Santa Barbara,34.48974,-120.04692
2/23/20,AQS,60831025,1,0.2,ppm,2,Los Flores Canyon #1,24,100,42101,Carbon monoxide,42200,"Santa Maria-Santa Barbara, CA",6,California,83,Santa Barbara,34.48974,-120.04692
2/24/20,AQS,60831025,1,0.3,ppm,3,Los Flores Canyon #1,24,100,42101,Carbon monoxide,42200,"Santa Maria-Santa Barbara, CA",6,California,83,Santa Barbara,34.48974,-120.04692
2/25/20,AQS,60831025,1,0.2,ppm,2,Los Flores Canyon #1,24,100,42101,Carbon monoxide,42200,"Santa Maria-Santa Barbara, CA",6,California,83,Santa Barbara,34.48974,-120.04692
2/26/20,AQS,60831025,1,0.2,ppm,2,Los Flores Canyon #1,24,100,42101,Carbon monoxide,42200,"Santa Maria-Santa Barbara, CA",6,California,83,Santa Barbara,34.48974,-120.04692
2/27/20,AQS,60831025,1,0.2,ppm,2,Los Flores Canyon #1,24,100,42101,Carbon monoxide,42200,"Santa Maria-Santa Barbara, CA",6,California,83,Santa Barbara,34.48974,-120.04692
2/28/20,AQS,60831025,1,0.3,ppm,3,Los Flores Canyon #1,18,75,42101,Carbon monoxide,42200,"Santa Maria-Santa Barbara, CA",6,California,83,Santa Barbara,34.48974,-120.04692
2/29/20,AQS,60831025,1,0.3,ppm,3,Los Flores Canyon #1,24,100,42101,Carbon monoxide,42200,"Santa Maria-Santa Barbara, CA",6,California,83,Santa Barbara,34.48974,-120.04692
3/1/20,AQS,60831025,1,0.2,ppm,2,Los Flores Canyon #1,2,8,42101,Carbon monoxide,42200,"Santa Maria-Santa Barbara, CA",6,California,83,Santa Barbara,34.48974,-120.04692
1/10/20,AQS,60832004,1,0.3,ppm,3,Lompoc H Street,14,58,42101,Carbon monoxide,42200,"Santa Maria-Santa Barbara, CA",6,California,83,Santa Barbara,34.63782,-120.4575
1/11/20,AQS,60832004,1,0.3,ppm,3,Lompoc H Street,24,100,42101,Carbon monoxide,42200,"Santa Maria-Santa Barbara, CA",6,California,83,Santa Barbara,34.63782,-120.4575
1/12/20,AQS,60832004,1,0.1,ppm,1,Lompoc H Street,24,100,42101,Carbon monoxide,42200,"Santa Maria-Santa Barbara, CA",6,California,83,Santa Barbara,34.63782,-120.4575
1/13/20,AQS,60832004,1,0.1,ppm,1,Lompoc H Street,24,100,42101,Carbon monoxide,42200,"Santa Maria-Santa Barbara, CA",6,California,83,Santa Barbara,34.63782,-120.4575
1/14/20,AQS,60832004,1,0.3,ppm,3,Lompoc H Street,17,71,42101,Carbon monoxide,42200,"Santa Maria-Santa Barbara, CA",6,California,83,Santa Barbara,34.63782,-120.4575
1/15/20,AQS,60832004,1,0.2,ppm,2,Lompoc H Street,24,100,42101,Carbon monoxide,42200,"Santa Maria-Santa Barbara, CA",6,California,83,Santa Barbara,34.63782,-120.4575
1/16/20,AQS,60832004,1,0.2,ppm,2,Lompoc H Street,24,100,42101,Carbon monoxide,42200,"Santa Maria-Santa Barbara, CA",6,California,83,Santa Barbara,34.63782,-120.4575
1/17/20,AQS,60832004,1,0.4,ppm,5,Lompoc H Street,22,92,42101,Carbon monoxide,42200,"Santa Maria-Santa Barbara, CA",6,California,83,Santa Barbara,34.63782,-120.4575
1/18/20,AQS,60832004,1,0.2,ppm,2,Lompoc H Street,24,100,42101,Carbon monoxide,42200,"Santa Maria-Santa Barbara, CA",6,California,83,Santa Barbara,34.63782,-120.4575
1/19/20,AQS,60832004,1,0.4,ppm,5,Lompoc H Street,24,100,42101,Carbon monoxide,42200,"Santa Maria-Santa Barbara, CA",6,California,83,Santa Barbara,34.63782,-120.4575
1/20/20,AQS,60832004,1,0.4,ppm,5,Lompoc H Street,24,100,42101,Carbon monoxide,42200,"Santa Maria-Santa Barbara, CA",6,California,83,Santa Barbara,34.63782,-120.4575
1/21/20,AQS,60832004,1,0.2,ppm,2,Lompoc H Street,24,100,42101,Carbon monoxide,42200,"Santa Maria-Santa Barbara, CA",6,California,83,Santa Barbara,34.63782,-120.4575
1/22/20,AQS,60832004,1,0.4,ppm,5,Lompoc H Street,24,100,42101,Carbon monoxide,42200,"Santa Maria-Santa Barbara, CA",6,California,83,Santa Barbara,34.63782,-120.4575
1/23/20,AQS,60832004,1,0.3,ppm,3,Lompoc H Street,24,100,42101,Carbon monoxide,42200,"Santa Maria-Santa Barbara, CA",6,California,83,Santa Barbara,34.63782,-120.4575
1/24/20,AQS,60832004,1,0.2,ppm,2,Lompoc H Street,24,100,42101,Carbon monoxide,42200,"Santa Maria-Santa Barbara, CA",6,California,83,Santa Barbara,34.63782,-120.4575
1/25/20,AQS,60832004,1,0.1,ppm,1,Lompoc H Street,24,100,42101,Carbon monoxide,42200,"Santa Maria-Santa Barbara, CA",6,California,83,Santa Barbara,34.63782,-120.4575
1/26/20,AQS,60832004,1,0.1,ppm,1,Lompoc H Street,24,100,42101,Carbon monoxide,42200,"Santa Maria-Santa Barbara, CA",6,California,83,Santa Barbara,34.63782,-120.4575
1/27/20,AQS,60832004,1,0.1,ppm,1,Lompoc H Street,24,100,42101,Carbon monoxide,42200,"Santa Maria-Santa Barbara, CA",6,California,83,Santa Barbara,34.63782,-120.4575
1/28/20,AQS,60832004,1,0.1,ppm,1,Lompoc H Street,24,100,42101,Carbon monoxide,42200,"Santa Maria-Santa Barbara, CA",6,California,83,Santa Barbara,34.63782,-120.4575
1/29/20,AQS,60832004,1,0.2,ppm,2,Lompoc H Street,24,100,42101,Carbon monoxide,42200,"Santa Maria-Santa Barbara, CA",6,California,83,Santa Barbara,34.63782,-120.4575
1/30/20,AQS,60832004,1,0.2,ppm,2,Lompoc H Street,17,71,42101,Carbon monoxide,42200,"Santa Maria-Santa Barbara, CA",6,California,83,Santa Barbara,34.63782,-120.4575
1/31/20,AQS,60832004,1,0.3,ppm,3,Lompoc H Street,15,63,42101,Carbon monoxide,42200,"Santa Maria-Santa Barbara, CA",6,California,83,Santa Barbara,34.63782,-120.4575
2/1/20,AQS,60832004,1,0.3,ppm,3,Lompoc H Street,4,17,42101,Carbon monoxide,42200,"Santa Maria-Santa Barbara, CA",6,California,83,Santa Barbara,34.63782,-120.4575
2/2/20,AQS,60832004,1,0.2,ppm,2,Lompoc H Street,4,17,42101,Carbon monoxide,42200,"Santa Maria-Santa Barbara, CA",6,California,83,Santa Barbara,34.63782,-120.4575
2/3/20,AQS,60832004,1,0.2,ppm,2,Lompoc H Street,9,38,42101,Carbon monoxide,42200,"Santa Maria-Santa Barbara, CA",6,California,83,Santa Barbara,34.63782,-120.4575
2/4/20,AQS,60832004,1,0.3,ppm,3,Lompoc H Street,14,58,42101,Carbon monoxide,42200,"Santa Maria-Santa Barbara, CA",6,California,83,Santa Barbara,34.63782,-120.4575
2/5/20,AQS,60832004,1,0.3,ppm,3,Lompoc H Street,16,67,42101,Carbon monoxide,42200,"Santa Maria-Santa Barbara, CA",6,California,83,Santa Barbara,34.63782,-120.4575
2/6/20,AQS,60832004,1,0.2,ppm,2,Lompoc H Street,24,100,42101,Carbon monoxide,42200,"Santa Maria-Santa Barbara, CA",6,California,83,Santa Barbara,34.63782,-120.4575
2/7/20,AQS,60832004,1,0.2,ppm,2,Lompoc H Street,24,100,42101,Carbon monoxide,42200,"Santa Maria-Santa Barbara, CA",6,California,83,Santa Barbara,34.63782,-120.4575
2/8/20,AQS,60832004,1,0.2,ppm,2,Lompoc H Street,24,100,42101,Carbon monoxide,42200,"Santa Maria-Santa Barbara, CA",6,California,83,Santa Barbara,34.63782,-120.4575
2/9/20,AQS,60832004,1,0.2,ppm,2,Lompoc H Street,24,100,42101,Carbon monoxide,42200,"Santa Maria-Santa Barbara, CA",6,California,83,Santa Barbara,34.63782,-120.4575
2/10/20,AQS,60832004,1,0.3,ppm,3,Lompoc H Street,24,100,42101,Carbon monoxide,42200,"Santa Maria-Santa Barbara, CA",6,California,83,Santa Barbara,34.63782,-120.4575
2/11/20,AQS,60832004,1,0.2,ppm,2,Lompoc H Street,24,100,42101,Carbon monoxide,42200,"Santa Maria-Santa Barbara, CA",6,California,83,Santa Barbara,34.63782,-120.4575
2/12/20,AQS,60832004,1,0.2,ppm,2,Lompoc H Street,24,100,42101,Carbon monoxide,42200,"Santa Maria-Santa Barbara, CA",6,California,83,Santa Barbara,34.63782,-120.4575
2/13/20,AQS,60832004,1,0.2,ppm,2,Lompoc H Street,11,46,42101,Carbon monoxide,42200,"Santa Maria-Santa Barbara, CA",6,California,83,Santa Barbara,34.63782,-120.4575
2/14/20,AQS,60832004,1,0,ppm,0,Lompoc H Street,24,100,42101,Carbon monoxide,42200,"Santa Maria-Santa Barbara, CA",6,California,83,Santa Barbara,34.63782,-120.4575
2/15/20,AQS,60832004,1,0,ppm,0,Lompoc H Street,24,100,42101,Carbon monoxide,42200,"Santa Maria-Santa Barbara, CA",6,California,83,Santa Barbara,34.63782,-120.4575
2/16/20,AQS,60832004,1,-0.1,ppm,0,Lompoc H Street,24,100,42101,Carbon monoxide,42200,"Santa Maria-Santa Barbara, CA",6,California,83,Santa Barbara,34.63782,-120.4575
2/17/20,AQS,60832004,1,-0.1,ppm,0,Lompoc H Street,24,100,42101,Carbon monoxide,42200,"Santa Maria-Santa Barbara, CA",6,California,83,Santa Barbara,34.63782,-120.4575
2/18/20,AQS,60832004,1,0,ppm,0,Lompoc H Street,24,100,42101,Carbon monoxide,42200,"Santa Maria-Santa Barbara, CA",6,California,83,Santa Barbara,34.63782,-120.4575
2/19/20,AQS,60832004,1,-0.1,ppm,0,Lompoc H Street,24,100,42101,Carbon monoxide,42200,"Santa Maria-Santa Barbara, CA",6,California,83,Santa Barbara,34.63782,-120.4575
2/20/20,AQS,60832004,1,0.1,ppm,1,Lompoc H Street,23,96,42101,Carbon monoxide,42200,"Santa Maria-Santa Barbara, CA",6,California,83,Santa Barbara,34.63782,-120.4575
2/21/20,AQS,60832004,1,0.1,ppm,1,Lompoc H Street,24,100,42101,Carbon monoxide,42200,"Santa Maria-Santa Barbara, CA",6,California,83,Santa Barbara,34.63782,-120.4575
2/22/20,AQS,60832004,1,0,ppm,0,Lompoc H Street,24,100,42101,Carbon monoxide,42200,"Santa Maria-Santa Barbara, CA",6,California,83,Santa Barbara,34.63782,-120.4575
2/23/20,AQS,60832004,1,0,ppm,0,Lompoc H Street,24,100,42101,Carbon monoxide,42200,"Santa Maria-Santa Barbara, CA",6,California,83,Santa Barbara,34.63782,-120.4575
2/24/20,AQS,60832004,1,0,ppm,0,Lompoc H Street,24,100,42101,Carbon monoxide,42200,"Santa Maria-Santa Barbara, CA",6,California,83,Santa Barbara,34.63782,-120.4575
2/25/20,AQS,60832004,1,0,ppm,0,Lompoc H Street,24,100,42101,Carbon monoxide,42200,"Santa Maria-Santa Barbara, CA",6,California,83,Santa Barbara,34.63782,-120.4575
2/26/20,AQS,60832004,1,0,ppm,0,Lompoc H Street,24,100,42101,Carbon monoxide,42200,"Santa Maria-Santa Barbara, CA",6,California,83,Santa Barbara,34.63782,-120.4575
2/27/20,AQS,60832004,1,0,ppm,0,Lompoc H Street,24,100,42101,Carbon monoxide,42200,"Santa Maria-Santa Barbara, CA",6,California,83,Santa Barbara,34.63782,-120.4575
2/28/20,AQS,60832004,1,0,ppm,0,Lompoc H Street,24,100,42101,Carbon monoxide,42200,"Santa Maria-Santa Barbara, CA",6,California,83,Santa Barbara,34.63782,-120.4575
2/29/20,AQS,60832004,1,0,ppm,0,Lompoc H Street,24,100,42101,Carbon monoxide,42200,"Santa Maria-Santa Barbara, CA",6,California,83,Santa Barbara,34.63782,-120.4575
3/1/20,AQS,60832004,1,0,ppm,0,Lompoc H Street,2,8,42101,Carbon monoxide,42200,"Santa Maria-Santa Barbara, CA",6,California,83,Santa Barbara,34.63782,-120.4575